screen_id,legacy_state_no,title,section,kind,subtitle,cta,secondary,route_or_overlay,event,endpoint,authority,visual_status,approved_visual_refs,offline_behavior,retry_policy,idempotency_required,implementation_status,design_status,nav
DB-AUTH-001,1,Splash,Auth & onboarding,splash,Play smart. Compete fairly.,,,/auth/splash,,,CLIENT_PRESENTATION,DIRECT_APPROVED_VISUAL,VIS-00,READ_ONLY_OR_CACHED_WHERE_SAFE,PRESENTATION_ONLY,False,NOT_STARTED,APPROVED_VISUAL_LANGUAGE,
DB-AUTH-002,2,Your skill. Your match.,Auth & onboarding,onboarding,Compete against real players in live draught matches.,Next,Skip,/auth/your-skill-your-match,,,CLIENT_PRESENTATION,DIRECT_APPROVED_VISUAL,VIS-00 | VIS-12,READ_ONLY_OR_CACHED_WHERE_SAFE,PRESENTATION_ONLY,False,NOT_STARTED,APPROVED_VISUAL_LANGUAGE,
DB-AUTH-003,3,Every move counts.,Auth & onboarding,onboarding,Verified rules and server-controlled game logic.,Next,Skip,/auth/every-move-counts,,,CLIENT_PRESENTATION,DIRECT_APPROVED_VISUAL,VIS-00,READ_ONLY_OR_CACHED_WHERE_SAFE,PRESENTATION_ONLY,False,NOT_STARTED,APPROVED_VISUAL_LANGUAGE,
DB-AUTH-004,4,Know where your money goes.,Auth & onboarding,onboarding,"See your stake, payout and settlement clearly.",Get started,Skip,/auth/know-where-your-money-goes,,,CLIENT_PRESENTATION,DIRECT_APPROVED_VISUAL,VIS-00,READ_ONLY_OR_CACHED_WHERE_SAFE,PRESENTATION_ONLY,False,NOT_STARTED,APPROVED_VISUAL_LANGUAGE,
DB-AUTH-005,5,Welcome,Auth & onboarding,welcome,Play draughts. Prove your skill.,Create account,Sign in,/auth/welcome,,,CLIENT_PRESENTATION,DIRECT_APPROVED_VISUAL,VIS-00,READ_ONLY_OR_CACHED_WHERE_SAFE,PRESENTATION_ONLY,False,NOT_STARTED,APPROVED_VISUAL_LANGUAGE,
DB-AUTH-006,6,Sign in,Auth & onboarding,form,Enter your details to continue.,Sign in,Forgot password?,/auth/sign-in,auth.login,POST /auth/login,SERVER_AUTHORITATIVE,DIRECT_APPROVED_VISUAL,VIS-00,READ_ONLY_OR_CACHED_WHERE_SAFE,NO_BLIND_RETRY; RESYNC_AUTHORITATIVE_STATE,False,NOT_STARTED,APPROVED_VISUAL_LANGUAGE,
DB-AUTH-007,7,Create account,Auth & onboarding,form,Let us get you started.,Create account,Sign in,/auth/create-account,auth.register,POST /auth/register,SERVER_AUTHORITATIVE,DERIVED_FROM_APPROVED_COMPONENT_PATTERN,VIS-00,READ_ONLY_OR_CACHED_WHERE_SAFE,NO_BLIND_RETRY; RESYNC_AUTHORITATIVE_STATE,False,NOT_STARTED,APPROVED_VISUAL_LANGUAGE,
DB-AUTH-008,8,Age & legal eligibility,Auth & onboarding,form,You must be 18+ and eligible to play in Nigeria.,Confirm eligibility,Review terms,/auth/age-legal-eligibility,legal.accept,POST /legal/acceptance,SERVER_AUTHORITATIVE,DIRECT_APPROVED_VISUAL,VIS-01,READ_ONLY_OR_CACHED_WHERE_SAFE,NO_BLIND_RETRY; RESYNC_AUTHORITATIVE_STATE,False,NOT_STARTED,APPROVED_VISUAL_LANGUAGE,
DB-AUTH-009,9,Verify your contact,Auth & onboarding,message,We sent a verification code to your contact.,Enter code,Change contact,/auth/verify-your-contact,verification.sent,,CLIENT_PRESENTATION,DERIVED_FROM_APPROVED_COMPONENT_PATTERN,VIS-00,READ_ONLY_OR_CACHED_WHERE_SAFE,PRESENTATION_ONLY,False,NOT_STARTED,APPROVED_VISUAL_LANGUAGE,
DB-AUTH-010,10,Verification code,Auth & onboarding,otp,Enter the 6-digit code.,Verify,Resend code,/auth/verification-code,verification.submit,POST /auth/verify,SERVER_AUTHORITATIVE,DIRECT_APPROVED_VISUAL,VIS-01 | VIS-06,READ_ONLY_OR_CACHED_WHERE_SAFE,NO_BLIND_RETRY; RESYNC_AUTHORITATIVE_STATE,False,NOT_STARTED,APPROVED_VISUAL_LANGUAGE,
DB-AUTH-011,11,Forgot password,Auth & onboarding,form,Enter your email or phone to recover access.,Send code,Back to sign in,/auth/forgot-password,password.request,POST /auth/password/forgot,SERVER_AUTHORITATIVE,DIRECT_APPROVED_VISUAL,VIS-01,READ_ONLY_OR_CACHED_WHERE_SAFE,NO_BLIND_RETRY; RESYNC_AUTHORITATIVE_STATE,False,NOT_STARTED,APPROVED_VISUAL_LANGUAGE,
DB-AUTH-012,12,Reset password,Auth & onboarding,form,Create a strong new password.,Reset password,Cancel,/auth/reset-password,password.reset,POST /auth/password/reset,SERVER_AUTHORITATIVE,DIRECT_APPROVED_VISUAL,VIS-01,READ_ONLY_OR_CACHED_WHERE_SAFE,NO_BLIND_RETRY; RESYNC_AUTHORITATIVE_STATE,False,NOT_STARTED,APPROVED_VISUAL_LANGUAGE,
DB-AUTH-013,13,Password reset,Auth & onboarding,success,Your password has been changed securely.,Sign in,,/auth/password-reset,password.reset.success,,CLIENT_PRESENTATION,DIRECT_APPROVED_VISUAL,VIS-01,READ_ONLY_OR_CACHED_WHERE_SAFE,PRESENTATION_ONLY,False,NOT_STARTED,APPROVED_VISUAL_LANGUAGE,
DB-AUTH-014,14,Terms acceptance,Auth & onboarding,legal,"Review the Terms, Privacy Notice and game rules.",Accept and continue,Decline,/auth/terms-acceptance,legal.accept,,CLIENT_PRESENTATION,DERIVED_FROM_APPROVED_COMPONENT_PATTERN,VIS-00,READ_ONLY_OR_CACHED_WHERE_SAFE,PRESENTATION_ONLY,False,NOT_STARTED,APPROVED_VISUAL_LANGUAGE,
DB-AUTH-015,15,Restoring session,Auth & onboarding,search,Checking your secure session and device.,,,/auth/restoring-session,session.restore,,CLIENT_PRESENTATION,DERIVED_FROM_APPROVED_COMPONENT_PATTERN,VIS-00,READ_ONLY_OR_CACHED_WHERE_SAFE,PRESENTATION_ONLY,False,NOT_STARTED,APPROVED_VISUAL_LANGUAGE,
DB-AUTH-016,16,Use biometric sign in,Auth & onboarding,modal,Unlock Draught Bet faster on this device.,Enable,Not now,overlay:use-biometric-sign-in,biometric.prompt,,CLIENT_PRESENTATION,DIRECT_APPROVED_VISUAL,VIS-00,READ_ONLY_OR_CACHED_WHERE_SAFE,PRESENTATION_ONLY,False,NOT_STARTED,APPROVED_VISUAL_LANGUAGE,
DB-AUTH-017,17,Account created,Auth & onboarding,success,Your account is ready. Verify identity before withdrawal.,Continue to home,,/auth/account-created,account.created,,CLIENT_PRESENTATION,DERIVED_FROM_APPROVED_COMPONENT_PATTERN,VIS-00,READ_ONLY_OR_CACHED_WHERE_SAFE,PRESENTATION_ONLY,False,NOT_STARTED,APPROVED_VISUAL_LANGUAGE,
DB-MATCH-001,18,Home / Lobby,Home & matchmaking,home,"Good evening, Wisdom.",Find a match,Add money,/arena/home-lobby,lobby.ready,GET /lobby,SERVER_AUTHORITATIVE,DIRECT_APPROVED_VISUAL,VIS-00 | VIS-11,READ_ONLY_OR_CACHED_WHERE_SAFE,SAFE_READ_RETRY_WITH_BACKOFF,False,NOT_STARTED,APPROVED_VISUAL_LANGUAGE,Home
DB-MATCH-002,19,Home loading,Home & matchmaking,loading,"Refreshing balance, live matches and notifications.",,,/arena/home-loading,lobby.loading,GET /lobby,SERVER_AUTHORITATIVE,DIRECT_APPROVED_VISUAL,VIS-11,READ_ONLY_OR_CACHED_WHERE_SAFE,SAFE_READ_RETRY_WITH_BACKOFF,False,NOT_STARTED,APPROVED_VISUAL_LANGUAGE,Home
DB-MATCH-003,20,No recent matches,Home & matchmaking,empty,Your completed and active matches will appear here.,Find a match,,/arena/no-recent-matches,lobby.empty,,CLIENT_PRESENTATION,DIRECT_APPROVED_VISUAL,VIS-00 | VIS-12,READ_ONLY_OR_CACHED_WHERE_SAFE,PRESENTATION_ONLY,False,NOT_STARTED,APPROVED_VISUAL_LANGUAGE,Home
DB-MATCH-004,21,Open Arena,Home & matchmaking,arena,Challenge any eligible player.,Create match,Filters,/arena/open-arena,arena.loaded,GET /matches/open,SERVER_AUTHORITATIVE,DERIVED_FROM_APPROVED_COMPONENT_PATTERN,VIS-01,READ_ONLY_OR_CACHED_WHERE_SAFE,SAFE_READ_RETRY_WITH_BACKOFF,False,NOT_STARTED,APPROVED_VISUAL_LANGUAGE,Arena
DB-MATCH-005,22,Arena filters,Home & matchmaking,sheet,"Choose stake, time control, tier and game type.",Apply filters,Clear all,overlay:arena-filters,arena.filter,,CLIENT_PRESENTATION,DERIVED_FROM_APPROVED_COMPONENT_PATTERN,VIS-01,READ_ONLY_OR_CACHED_WHERE_SAFE,PRESENTATION_ONLY,False,NOT_STARTED,APPROVED_VISUAL_LANGUAGE,Arena
DB-MATCH-006,23,Open match details,Home & matchmaking,match,Review the full match terms before joining.,Join match,Back,/arena/open-match-details,match.opened,GET /matches/:id,SERVER_AUTHORITATIVE,DIRECT_APPROVED_VISUAL,VIS-00 | VIS-02 | VIS-03 | VIS-12,READ_ONLY_OR_CACHED_WHERE_SAFE,SAFE_READ_RETRY_WITH_BACKOFF,False,NOT_STARTED,APPROVED_VISUAL_LANGUAGE,Arena
DB-MATCH-007,24,Join match confirmation,Home & matchmaking,confirm,Confirm stake lock and server-provided payout quote.,Confirm and lock stake,Cancel,/arena/join-match-confirmation,match.join.request,POST /matches/:id/join,SERVER_AUTHORITATIVE,DIRECT_APPROVED_VISUAL,VIS-00 | VIS-02 | VIS-03 | VIS-12,READ_ONLY_OR_CACHED_WHERE_SAFE,NO_BLIND_RETRY; RESYNC_AUTHORITATIVE_STATE,False,NOT_STARTED,APPROVED_VISUAL_LANGUAGE,Arena
DB-MATCH-008,25,Match unavailable,Home & matchmaking,system,This listing was filled or expired before you joined.,Browse Arena,Retry,/arena/match-unavailable,match.unavailable,,CLIENT_PRESENTATION,DIRECT_APPROVED_VISUAL,VIS-00 | VIS-02 | VIS-03 | VIS-12,READ_ONLY_OR_CACHED_WHERE_SAFE,PRESENTATION_ONLY,False,NOT_STARTED,APPROVED_VISUAL_LANGUAGE,Arena
DB-MATCH-009,26,Quick match setup,Home & matchmaking,setup,Choose a fair matchmaking profile.,Find opponent,Cancel,/arena/quick-match-setup,matchmaking.start,POST /matchmaking,SERVER_AUTHORITATIVE,DIRECT_APPROVED_VISUAL,VIS-00 | VIS-01 | VIS-12,READ_ONLY_OR_CACHED_WHERE_SAFE,NO_BLIND_RETRY; RESYNC_AUTHORITATIVE_STATE,False,NOT_STARTED,APPROVED_VISUAL_LANGUAGE,Play
DB-MATCH-010,27,Searching for opponent,Home & matchmaking,search,"Matching stake, tier, rules and availability.",Cancel search,,/arena/searching-for-opponent,matchmaking.searching,DELETE /matchmaking,SERVER_AUTHORITATIVE,DIRECT_APPROVED_VISUAL,VIS-01,READ_ONLY_OR_CACHED_WHERE_SAFE,NO_BLIND_RETRY; RESYNC_AUTHORITATIVE_STATE,False,NOT_STARTED,APPROVED_VISUAL_LANGUAGE,Play
DB-MATCH-011,28,No opponent found,Home & matchmaking,empty,No eligible opponent matched these terms.,Try again,Change settings,/arena/no-opponent-found,matchmaking.empty,,CLIENT_PRESENTATION,DIRECT_APPROVED_VISUAL,VIS-01,READ_ONLY_OR_CACHED_WHERE_SAFE,PRESENTATION_ONLY,False,NOT_STARTED,APPROVED_VISUAL_LANGUAGE,Play
DB-MATCH-012,29,Incoming challenge,Home & matchmaking,match,KingMoves challenged you to a rated match.,Accept,Decline,/arena/incoming-challenge,challenge.received,POST /challenges/:id/respond,SERVER_AUTHORITATIVE,DIRECT_APPROVED_VISUAL,VIS-01,READ_ONLY_OR_CACHED_WHERE_SAFE,NO_BLIND_RETRY; RESYNC_AUTHORITATIVE_STATE,False,NOT_STARTED,APPROVED_VISUAL_LANGUAGE,Arena
DB-MATCH-013,30,Challenge sent,Home & matchmaking,search,Waiting for QueenBee to respond.,Cancel challenge,,/arena/challenge-sent,challenge.sent,DELETE /challenges/:id,SERVER_AUTHORITATIVE,DIRECT_APPROVED_VISUAL,VIS-01,READ_ONLY_OR_CACHED_WHERE_SAFE,NO_BLIND_RETRY; RESYNC_AUTHORITATIVE_STATE,False,NOT_STARTED,APPROVED_VISUAL_LANGUAGE,Arena
DB-MATCH-014,31,Challenge declined,Home & matchmaking,system,The player declined or the challenge expired.,Challenge another,Back to Arena,/arena/challenge-declined,challenge.closed,,CLIENT_PRESENTATION,DIRECT_APPROVED_VISUAL,VIS-01,READ_ONLY_OR_CACHED_WHERE_SAFE,PRESENTATION_ONLY,False,NOT_STARTED,APPROVED_VISUAL_LANGUAGE,Arena
DB-MATCH-015,32,Player search,Home & matchmaking,list,Search by exact username or player ID.,Search,,/arena/player-search,players.search,GET /players/search,SERVER_AUTHORITATIVE,DIRECT_APPROVED_VISUAL,VIS-02 | VIS-03,READ_ONLY_OR_CACHED_WHERE_SAFE,SAFE_READ_RETRY_WITH_BACKOFF,False,NOT_STARTED,APPROVED_VISUAL_LANGUAGE,Arena
DB-MATCH-016,33,Public player profile,Home & matchmaking,profile,"Rating, form, verified status and fair-play record.",Challenge player,Back,/arena/public-player-profile,player.opened,GET /players/:id,SERVER_AUTHORITATIVE,DIRECT_APPROVED_VISUAL,VIS-06,READ_ONLY_OR_CACHED_WHERE_SAFE,SAFE_READ_RETRY_WITH_BACKOFF,False,NOT_STARTED,APPROVED_VISUAL_LANGUAGE,Arena
DB-MATCH-017,34,Create match,Home & matchmaking,setup,"Set stake, time control, rules and visibility.",Review match,Cancel,/arena/create-match,match.create.quote,POST /matches/quote,SERVER_AUTHORITATIVE,DIRECT_APPROVED_VISUAL,VIS-00 | VIS-12,READ_ONLY_OR_CACHED_WHERE_SAFE,NO_BLIND_RETRY; RESYNC_AUTHORITATIVE_STATE,False,NOT_STARTED,APPROVED_VISUAL_LANGUAGE,Arena
DB-MATCH-018,35,Create match quote,Home & matchmaking,confirm,"Server quote: stake, pot, fee and expected payout.",Create and lock stake,Edit terms,/arena/create-match-quote,match.create,POST /matches,SERVER_AUTHORITATIVE,DIRECT_APPROVED_VISUAL,VIS-00 | VIS-12,READ_ONLY_OR_CACHED_WHERE_SAFE,NO_BLIND_RETRY; RESYNC_AUTHORITATIVE_STATE,False,NOT_STARTED,APPROVED_VISUAL_LANGUAGE,Arena
DB-MATCH-019,36,Private room code,Home & matchmaking,detail,Share this code only with the intended opponent.,Copy room code,Cancel match,/arena/private-room-code,room.created,POST /matches/:id/cancel,SERVER_AUTHORITATIVE,DERIVED_FROM_APPROVED_COMPONENT_PATTERN,VIS-02 | VIS-11,READ_ONLY_OR_CACHED_WHERE_SAFE,NO_BLIND_RETRY; RESYNC_AUTHORITATIVE_STATE,False,NOT_STARTED,APPROVED_VISUAL_LANGUAGE,Arena
DB-MATCH-020,37,Match confirmation,Home & matchmaking,confirm,Both players must accept the same immutable terms.,Confirm and lock stake,Cancel,/arena/match-confirmation,match.confirm,POST /matches/:id/confirm,SERVER_AUTHORITATIVE,DIRECT_APPROVED_VISUAL,VIS-00 | VIS-12,READ_ONLY_OR_CACHED_WHERE_SAFE,NO_BLIND_RETRY; RESYNC_AUTHORITATIVE_STATE,False,NOT_STARTED,APPROVED_VISUAL_LANGUAGE,Play
DB-MATCH-021,38,Insufficient balance,Home & matchmaking,system,Available balance is below the required player stake.,Add money,Choose lower stake,/arena/insufficient-balance,wallet.insufficient,,SERVER_AUTHORITATIVE,DIRECT_APPROVED_VISUAL,VIS-02,BLOCK_ACTION_AND_SHOW_LAST_VERIFIED_STATE,PRESENTATION_ONLY,False,NOT_STARTED,APPROVED_VISUAL_LANGUAGE,Wallet
DB-MATCH-022,39,Eligibility blocked,Home & matchmaking,system,This match exceeds your current tier or safer-play limits.,View limits,Choose another match,/arena/eligibility-blocked,eligibility.blocked,,CLIENT_PRESENTATION,DIRECT_APPROVED_VISUAL,VIS-02,READ_ONLY_OR_CACHED_WHERE_SAFE,PRESENTATION_ONLY,False,NOT_STARTED,APPROVED_VISUAL_LANGUAGE,Profile
DB-MATCH-023,40,Locking stake,Home & matchmaking,loading,Reserving funds atomically. Do not close the app.,,,/arena/locking-stake,stake.locking,POST /matches/:id/lock,SERVER_AUTHORITATIVE,DIRECT_APPROVED_VISUAL,VIS-02 | VIS-03,BLOCK_ACTION_AND_SHOW_LAST_VERIFIED_STATE,LOOK_UP_EXISTING_OPERATION_BY_IDEMPOTENCY_KEY_BEFORE_RETRY,True,NOT_STARTED,APPROVED_VISUAL_LANGUAGE,Play
DB-MATCH-024,41,Waiting for opponent stake,Home & matchmaking,match,Your stake is locked; the opponent has not locked theirs.,Cancel if eligible,,/arena/waiting-for-opponent-stake,stake.waiting,GET /matches/:id,SERVER_AUTHORITATIVE,DIRECT_APPROVED_VISUAL,VIS-02,BLOCK_ACTION_AND_SHOW_LAST_VERIFIED_STATE,SAFE_READ_RETRY_WITH_BACKOFF,False,NOT_STARTED,APPROVED_VISUAL_LANGUAGE,Play
DB-MATCH-025,42,Ready check,Home & matchmaking,match,Confirm you are present before the match starts.,I am ready,Leave match,/arena/ready-check,ready.check,POST /matches/:id/ready,SERVER_AUTHORITATIVE,DIRECT_APPROVED_VISUAL,VIS-02 | VIS-03,READ_ONLY_OR_CACHED_WHERE_SAFE,NO_BLIND_RETRY; RESYNC_AUTHORITATIVE_STATE,False,NOT_STARTED,APPROVED_VISUAL_LANGUAGE,Play
DB-MATCH-026,43,Waiting for opponent ready,Home & matchmaking,search,You are ready. Waiting for KingMoves.,,,/arena/waiting-for-opponent-ready,ready.waiting,GET /matches/:id,SERVER_AUTHORITATIVE,DIRECT_APPROVED_VISUAL,VIS-02,READ_ONLY_OR_CACHED_WHERE_SAFE,SAFE_READ_RETRY_WITH_BACKOFF,False,NOT_STARTED,APPROVED_VISUAL_LANGUAGE,Play
DB-MATCH-027,44,Ready timeout,Home & matchmaking,system,The match was cancelled and locked funds are being released.,Return home,View wallet,/arena/ready-timeout,ready.timeout,,CLIENT_PRESENTATION,DIRECT_APPROVED_VISUAL,VIS-02 | VIS-03,READ_ONLY_OR_CACHED_WHERE_SAFE,NO_BLIND_RETRY; RESYNC_AUTHORITATIVE_STATE,False,NOT_STARTED,APPROVED_VISUAL_LANGUAGE,Home
DB-MATCH-028,45,Opponent disconnected,Home & matchmaking,system,Waiting for the opponent to reconnect before start.,Keep waiting,Cancel when eligible,/arena/opponent-disconnected,prematch.disconnect,,CLIENT_PRESENTATION,DIRECT_APPROVED_VISUAL,VIS-04,READ_ONLY_OR_CACHED_WHERE_SAFE,PRESENTATION_ONLY,False,NOT_STARTED,APPROVED_VISUAL_LANGUAGE,Play
DB-MATCH-029,46,Match found,Home & matchmaking,match,Eligible opponent found. Review and accept the quote.,Accept match,Decline,/arena/match-found,matchmaking.found,POST /matches/:id/accept,SERVER_AUTHORITATIVE,DIRECT_APPROVED_VISUAL,VIS-00 | VIS-12,READ_ONLY_OR_CACHED_WHERE_SAFE,NO_BLIND_RETRY; RESYNC_AUTHORITATIVE_STATE,False,NOT_STARTED,APPROVED_VISUAL_LANGUAGE,Play
DB-GAME-001,47,Match room,Live gameplay,match,Both stakes are locked. Match starts after ready countdown.,I am ready,Match rules,/play/match/:matchId/match-room,match.room,GET /matches/:id,SERVER_AUTHORITATIVE,DIRECT_APPROVED_VISUAL,VIS-00 | VIS-12,BLOCK_ACTION_AND_SHOW_LAST_VERIFIED_STATE,SAFE_READ_RETRY_WITH_BACKOFF,False,NOT_STARTED,APPROVED_VISUAL_LANGUAGE,Play
DB-GAME-002,48,Live match,Live gameplay,game,Your turn. Server validates every move.,,,/play/match/:matchId/live-match,game.turn.self,SOCKET match:state,SERVER_AUTHORITATIVE,DIRECT_APPROVED_VISUAL,VIS-00 | VIS-12,BLOCK_ACTION_AND_SHOW_LAST_VERIFIED_STATE,NO_BLIND_RETRY; RESYNC_AUTHORITATIVE_STATE,False,NOT_STARTED,APPROVED_VISUAL_LANGUAGE,Play
DB-GAME-003,49,Move selection,Live gameplay,game,"Select a highlighted piece, then a legal destination.",,,/play/match/:matchId/move-selection,game.select,,SERVER_AUTHORITATIVE,DIRECT_APPROVED_VISUAL,VIS-00,BLOCK_ACTION_AND_SHOW_LAST_VERIFIED_STATE,PRESENTATION_ONLY,False,NOT_STARTED,APPROVED_VISUAL_LANGUAGE,Play
DB-GAME-004,50,Mandatory capture,Live gameplay,game,A capture is available and must be played.,,,/play/match/:matchId/mandatory-capture,game.capture.required,,SERVER_AUTHORITATIVE,DERIVED_FROM_APPROVED_COMPONENT_PATTERN,VIS-00 | VIS-06 | VIS-07,BLOCK_ACTION_AND_SHOW_LAST_VERIFIED_STATE,PRESENTATION_ONLY,False,NOT_STARTED,APPROVED_VISUAL_LANGUAGE,Play
DB-GAME-005,51,Multi-capture,Live gameplay,game,Continue the capture sequence with the same piece.,,,/play/match/:matchId/multi-capture,game.capture.chain,,SERVER_AUTHORITATIVE,DERIVED_FROM_APPROVED_COMPONENT_PATTERN,VIS-00 | VIS-06 | VIS-07,BLOCK_ACTION_AND_SHOW_LAST_VERIFIED_STATE,PRESENTATION_ONLY,False,NOT_STARTED,APPROVED_VISUAL_LANGUAGE,Play
DB-GAME-006,52,King promotion,Live gameplay,game,Your piece reached the crown row and is now a king.,Continue,,/play/match/:matchId/king-promotion,game.king.promoted,,SERVER_AUTHORITATIVE,DIRECT_APPROVED_VISUAL,VIS-00,BLOCK_ACTION_AND_SHOW_LAST_VERIFIED_STATE,PRESENTATION_ONLY,False,NOT_STARTED,APPROVED_VISUAL_LANGUAGE,Play
DB-GAME-007,53,Opponent thinking,Live gameplay,game,KingMoves is choosing a move.,,,/play/match/:matchId/opponent-thinking,game.turn.opponent,,SERVER_AUTHORITATIVE,DIRECT_APPROVED_VISUAL,VIS-00,BLOCK_ACTION_AND_SHOW_LAST_VERIFIED_STATE,PRESENTATION_ONLY,False,NOT_STARTED,APPROVED_VISUAL_LANGUAGE,Play
DB-GAME-008,54,Illegal move,Live gameplay,game,That move is not legal in the current server state.,Dismiss,,/play/match/:matchId/illegal-move,game.move.rejected,,SERVER_AUTHORITATIVE,DIRECT_APPROVED_VISUAL,VIS-06,BLOCK_ACTION_AND_SHOW_LAST_VERIFIED_STATE,NO_BLIND_RETRY; RESYNC_AUTHORITATIVE_STATE,False,NOT_STARTED,APPROVED_VISUAL_LANGUAGE,Play
DB-GAME-009,55,Draw offer received,Live gameplay,modal,KingMoves offered a draw. The clock continues.,Accept draw,Decline,overlay:draw-offer-received,draw.received,SOCKET draw:respond,SERVER_AUTHORITATIVE,DIRECT_APPROVED_VISUAL,VIS-06,BLOCK_ACTION_AND_SHOW_LAST_VERIFIED_STATE,NO_BLIND_RETRY; RESYNC_AUTHORITATIVE_STATE,False,NOT_STARTED,APPROVED_VISUAL_LANGUAGE,Play
DB-GAME-010,56,Offer a draw,Live gameplay,modal,The opponent may accept or decline while clocks continue.,Send offer,Cancel,overlay:offer-a-draw,draw.offer,SOCKET draw:offer,SERVER_AUTHORITATIVE,DERIVED_FROM_APPROVED_COMPONENT_PATTERN,VIS-00 | VIS-06 | VIS-07,BLOCK_ACTION_AND_SHOW_LAST_VERIFIED_STATE,NO_BLIND_RETRY; RESYNC_AUTHORITATIVE_STATE,False,NOT_STARTED,APPROVED_VISUAL_LANGUAGE,Play
DB-GAME-011,57,Draw rejected,Live gameplay,toast,The opponent declined your draw offer.,,,overlay:draw-rejected,draw.rejected,,SERVER_AUTHORITATIVE,DERIVED_FROM_APPROVED_COMPONENT_PATTERN,VIS-00 | VIS-06 | VIS-07,BLOCK_ACTION_AND_SHOW_LAST_VERIFIED_STATE,PRESENTATION_ONLY,False,NOT_STARTED,APPROVED_VISUAL_LANGUAGE,Play
DB-GAME-012,58,Resign match,Live gameplay,modal,Resigning ends the match and awards the result to your opponent.,Resign,Keep playing,overlay:resign-match,game.resign,SOCKET match:resign,SERVER_AUTHORITATIVE,DIRECT_APPROVED_VISUAL,VIS-00 | VIS-07 | VIS-12,BLOCK_ACTION_AND_SHOW_LAST_VERIFIED_STATE,NO_BLIND_RETRY; RESYNC_AUTHORITATIVE_STATE,False,NOT_STARTED,APPROVED_VISUAL_LANGUAGE,Play
DB-GAME-013,59,Connection lost,Live gameplay,game,Moves are disabled until a secure connection is restored.,,,/play/match/:matchId/connection-lost,socket.offline,,SERVER_AUTHORITATIVE,DIRECT_APPROVED_VISUAL,VIS-06,BLOCK_ACTION_AND_SHOW_LAST_VERIFIED_STATE,PRESENTATION_ONLY,False,NOT_STARTED,APPROVED_VISUAL_LANGUAGE,Play
DB-GAME-014,60,Reconnecting,Live gameplay,game,Reconnecting to the match server.,,,/play/match/:matchId/reconnecting,socket.reconnecting,,SERVER_AUTHORITATIVE,DERIVED_FROM_APPROVED_COMPONENT_PATTERN,VIS-00 | VIS-06 | VIS-07,BLOCK_ACTION_AND_SHOW_LAST_VERIFIED_STATE,PRESENTATION_ONLY,False,NOT_STARTED,APPROVED_VISUAL_LANGUAGE,Play
DB-GAME-015,61,State resync,Live gameplay,loading,"Verifying board, clocks, turn and move version.",,,/play/match/:matchId/state-resync,game.resync,SOCKET match:resync,SERVER_AUTHORITATIVE,DIRECT_APPROVED_VISUAL,VIS-06,BLOCK_ACTION_AND_SHOW_LAST_VERIFIED_STATE,NO_BLIND_RETRY; RESYNC_AUTHORITATIVE_STATE,False,NOT_STARTED,APPROVED_VISUAL_LANGUAGE,Play
DB-GAME-016,62,App resumed,Live gameplay,game,Checking authoritative match state after backgrounding.,,,/play/match/:matchId/app-resumed,app.resume.resync,,SERVER_AUTHORITATIVE,DERIVED_FROM_APPROVED_COMPONENT_PATTERN,VIS-00 | VIS-06 | VIS-07,BLOCK_ACTION_AND_SHOW_LAST_VERIFIED_STATE,PRESENTATION_ONLY,False,NOT_STARTED,APPROVED_VISUAL_LANGUAGE,Play
DB-GAME-017,63,Low time warning,Live gameplay,game,Less than 30 seconds remain on your clock.,,,/play/match/:matchId/low-time-warning,clock.low,,SERVER_AUTHORITATIVE,DERIVED_FROM_APPROVED_COMPONENT_PATTERN,VIS-00 | VIS-06 | VIS-07,BLOCK_ACTION_AND_SHOW_LAST_VERIFIED_STATE,PRESENTATION_ONLY,False,NOT_STARTED,APPROVED_VISUAL_LANGUAGE,Play
DB-GAME-018,64,Timeout imminent,Live gameplay,game,Submit a legal move before your server clock expires.,,,/play/match/:matchId/timeout-imminent,clock.critical,,SERVER_AUTHORITATIVE,DERIVED_FROM_APPROVED_COMPONENT_PATTERN,VIS-00 | VIS-06 | VIS-07,BLOCK_ACTION_AND_SHOW_LAST_VERIFIED_STATE,PRESENTATION_ONLY,False,NOT_STARTED,APPROVED_VISUAL_LANGUAGE,Play
DB-GAME-019,65,Match chat,Live gameplay,chat,Use preset fair-play messages and reactions.,Send,Close,/play/match/:matchId/match-chat,chat.open,,SERVER_AUTHORITATIVE,DIRECT_APPROVED_VISUAL,VIS-00 | VIS-12,BLOCK_ACTION_AND_SHOW_LAST_VERIFIED_STATE,PRESENTATION_ONLY,False,NOT_STARTED,APPROVED_VISUAL_LANGUAGE,Play
DB-GAME-020,66,Match menu,Live gameplay,sheet,"Rules, connection status, draw, resign and support.",Close,,overlay:match-menu,match.menu,,SERVER_AUTHORITATIVE,DIRECT_APPROVED_VISUAL,VIS-00 | VIS-12,BLOCK_ACTION_AND_SHOW_LAST_VERIFIED_STATE,PRESENTATION_ONLY,False,NOT_STARTED,APPROVED_VISUAL_LANGUAGE,Play
DB-RESULT-001,67,Victory,Results & settlement,result,You defeated KingMoves.,Back to home,View receipt,/matches/:matchId/victory,result.win,,SERVER_AUTHORITATIVE,DIRECT_APPROVED_VISUAL,VIS-00 | VIS-07,BLOCK_ACTION_AND_SHOW_LAST_VERIFIED_STATE,PRESENTATION_ONLY,False,NOT_STARTED,APPROVED_VISUAL_LANGUAGE,Home
DB-RESULT-002,68,Defeat,Results & settlement,result,KingMoves won this match.,Back to home,View receipt,/matches/:matchId/defeat,result.loss,,SERVER_AUTHORITATIVE,DIRECT_APPROVED_VISUAL,VIS-00,BLOCK_ACTION_AND_SHOW_LAST_VERIFIED_STATE,PRESENTATION_ONLY,False,NOT_STARTED,APPROVED_VISUAL_LANGUAGE,Home
DB-RESULT-003,69,Draw result,Results & settlement,result,The match ended in an agreed draw.,Back to home,View receipt,/matches/:matchId/draw-result,result.draw,,SERVER_AUTHORITATIVE,DIRECT_APPROVED_VISUAL,VIS-07,BLOCK_ACTION_AND_SHOW_LAST_VERIFIED_STATE,PRESENTATION_ONLY,False,NOT_STARTED,APPROVED_VISUAL_LANGUAGE,Home
DB-RESULT-004,70,Timeout result,Results & settlement,result,The server clock expired before a legal move arrived.,Back to home,View receipt,/matches/:matchId/timeout-result,result.timeout,,SERVER_AUTHORITATIVE,DIRECT_APPROVED_VISUAL,VIS-07,BLOCK_ACTION_AND_SHOW_LAST_VERIFIED_STATE,PRESENTATION_ONLY,False,NOT_STARTED,APPROVED_VISUAL_LANGUAGE,Home
DB-RESULT-005,71,Resignation result,Results & settlement,result,The match ended by resignation.,Back to home,View receipt,/matches/:matchId/resignation-result,result.resign,,SERVER_AUTHORITATIVE,DIRECT_APPROVED_VISUAL,VIS-07,BLOCK_ACTION_AND_SHOW_LAST_VERIFIED_STATE,LOOK_UP_EXISTING_OPERATION_BY_IDEMPOTENCY_KEY_BEFORE_RETRY,True,NOT_STARTED,APPROVED_VISUAL_LANGUAGE,Home
DB-RESULT-006,72,Disconnect forfeit,Results & settlement,result,The reconnect grace period expired.,Back to home,View policy,/matches/:matchId/disconnect-forfeit,result.disconnect,,SERVER_AUTHORITATIVE,DERIVED_FROM_APPROVED_COMPONENT_PATTERN,VIS-07 | VIS-12,BLOCK_ACTION_AND_SHOW_LAST_VERIFIED_STATE,PRESENTATION_ONLY,False,NOT_STARTED,APPROVED_VISUAL_LANGUAGE,Home
DB-RESULT-007,73,System-cancelled match,Results & settlement,result,The match was cancelled without a winner. Stakes will be released.,Back to home,View receipt,/matches/:matchId/system-cancelled-match,result.cancelled,,SERVER_AUTHORITATIVE,DIRECT_APPROVED_VISUAL,VIS-00 | VIS-12,BLOCK_ACTION_AND_SHOW_LAST_VERIFIED_STATE,PRESENTATION_ONLY,False,NOT_STARTED,APPROVED_VISUAL_LANGUAGE,Home
DB-RESULT-008,74,Settlement processing,Results & settlement,loading,The result is final; wallet settlement is still processing.,,,/matches/:matchId/settlement-processing,settlement.processing,GET /settlements/:id,SERVER_AUTHORITATIVE,DIRECT_APPROVED_VISUAL,VIS-07,BLOCK_ACTION_AND_SHOW_LAST_VERIFIED_STATE,SAFE_READ_RETRY_WITH_BACKOFF,False,NOT_STARTED,APPROVED_VISUAL_LANGUAGE,Wallet
DB-RESULT-009,75,Settlement complete,Results & settlement,success,Payout and commission ledger entries are complete.,View wallet,View receipt,/matches/:matchId/settlement-complete,settlement.complete,,SERVER_AUTHORITATIVE,DIRECT_APPROVED_VISUAL,VIS-07,BLOCK_ACTION_AND_SHOW_LAST_VERIFIED_STATE,PRESENTATION_ONLY,False,NOT_STARTED,APPROVED_VISUAL_LANGUAGE,Wallet
DB-RESULT-010,76,Settlement delayed,Results & settlement,system,"The result is recorded, but wallet settlement needs review.",Check status,Contact support,/matches/:matchId/settlement-delayed,settlement.delayed,,SERVER_AUTHORITATIVE,DIRECT_APPROVED_VISUAL,VIS-07,BLOCK_ACTION_AND_SHOW_LAST_VERIFIED_STATE,PRESENTATION_ONLY,False,NOT_STARTED,APPROVED_VISUAL_LANGUAGE,Wallet
DB-RESULT-011,77,Match receipt,Results & settlement,detail,"Immutable match terms, result, fee and ledger references.",Download receipt,Report issue,/matches/:matchId/match-receipt,receipt.open,GET /matches/:id/receipt,SERVER_AUTHORITATIVE,DIRECT_APPROVED_VISUAL,VIS-00 | VIS-12,BLOCK_ACTION_AND_SHOW_LAST_VERIFIED_STATE,SAFE_READ_RETRY_WITH_BACKOFF,False,NOT_STARTED,APPROVED_VISUAL_LANGUAGE,Home
DB-RESULT-012,78,Share result,Results & settlement,share,Share the result without exposing wallet or private data.,Share image,Cancel,/matches/:matchId/share-result,result.share,,SERVER_AUTHORITATIVE,DERIVED_FROM_APPROVED_COMPONENT_PATTERN,VIS-07 | VIS-12,BLOCK_ACTION_AND_SHOW_LAST_VERIFIED_STATE,PRESENTATION_ONLY,False,NOT_STARTED,APPROVED_VISUAL_LANGUAGE,Home
DB-WALLET-001,79,Wallet,Wallet & deposits,wallet,"Available, locked and pending balances.",Add money,Withdraw,/wallet/wallet,wallet.loaded,GET /wallet,SERVER_AUTHORITATIVE,DIRECT_APPROVED_VISUAL,VIS-04,BLOCK_ACTION_AND_SHOW_LAST_VERIFIED_STATE,SAFE_READ_RETRY_WITH_BACKOFF,False,NOT_STARTED,APPROVED_VISUAL_LANGUAGE,Wallet
DB-WALLET-002,80,Add money,Wallet & deposits,amount,Enter a deposit amount. Your wallet credits after server confirmation.,Continue,Cancel,/wallet/add-money,deposit.quote,POST /deposits/quote,SERVER_AUTHORITATIVE,DIRECT_APPROVED_VISUAL,VIS-04,BLOCK_ACTION_AND_SHOW_LAST_VERIFIED_STATE,LOOK_UP_EXISTING_OPERATION_BY_IDEMPOTENCY_KEY_BEFORE_RETRY,True,NOT_STARTED,APPROVED_VISUAL_LANGUAGE,Wallet
DB-WALLET-003,81,Payment method,Wallet & deposits,list,Choose an available hosted checkout provider.,Continue,Cancel,/wallet/payment-method,deposit.provider,,SERVER_AUTHORITATIVE,DIRECT_APPROVED_VISUAL,VIS-04,BLOCK_ACTION_AND_SHOW_LAST_VERIFIED_STATE,PRESENTATION_ONLY,False,NOT_STARTED,APPROVED_VISUAL_LANGUAGE,Wallet
DB-WALLET-004,82,Hosted checkout,Wallet & deposits,checkout,Complete payment securely with the selected provider.,Return to Draught Bet,Cancel payment,/wallet/hosted-checkout,deposit.checkout,,SERVER_AUTHORITATIVE,DERIVED_FROM_APPROVED_COMPONENT_PATTERN,VIS-04 | VIS-13,BLOCK_ACTION_AND_SHOW_LAST_VERIFIED_STATE,PRESENTATION_ONLY,False,NOT_STARTED,APPROVED_VISUAL_LANGUAGE,Wallet
DB-WALLET-005,83,Deposit processing,Wallet & deposits,loading,Waiting for provider webhook confirmation.,,,/wallet/deposit-processing,deposit.processing,GET /deposits/:id,SERVER_AUTHORITATIVE,DIRECT_APPROVED_VISUAL,VIS-04,BLOCK_ACTION_AND_SHOW_LAST_VERIFIED_STATE,SAFE_READ_RETRY_WITH_BACKOFF,False,NOT_STARTED,APPROVED_VISUAL_LANGUAGE,Wallet
DB-WALLET-006,84,Deposit successful,Wallet & deposits,success,The confirmed amount is now available in your wallet.,Done,View transaction,/wallet/deposit-successful,deposit.success,,SERVER_AUTHORITATIVE,DIRECT_APPROVED_VISUAL,VIS-04 | VIS-08 | VIS-13,BLOCK_ACTION_AND_SHOW_LAST_VERIFIED_STATE,PRESENTATION_ONLY,False,NOT_STARTED,APPROVED_VISUAL_LANGUAGE,Wallet
DB-WALLET-007,85,Deposit failed,Wallet & deposits,system,The provider did not complete this payment.,Try again,Use another method,/wallet/deposit-failed,deposit.failed,,SERVER_AUTHORITATIVE,DIRECT_APPROVED_VISUAL,VIS-04,BLOCK_ACTION_AND_SHOW_LAST_VERIFIED_STATE,PRESENTATION_ONLY,False,NOT_STARTED,APPROVED_VISUAL_LANGUAGE,Wallet
DB-WALLET-008,86,Deposit pending,Wallet & deposits,system,"Payment may have completed, but confirmation is delayed.",Check status,Contact support,/wallet/deposit-pending,deposit.pending,,SERVER_AUTHORITATIVE,DIRECT_APPROVED_VISUAL,VIS-04,BLOCK_ACTION_AND_SHOW_LAST_VERIFIED_STATE,PRESENTATION_ONLY,False,NOT_STARTED,APPROVED_VISUAL_LANGUAGE,Wallet
DB-WALLET-009,87,Transaction history,Wallet & deposits,transactions,"Deposits, stakes, payouts, withdrawals and refunds.",Filter,,/wallet/transaction-history,transactions.loaded,GET /wallet/transactions,SERVER_AUTHORITATIVE,DIRECT_APPROVED_VISUAL,VIS-04 | VIS-10,BLOCK_ACTION_AND_SHOW_LAST_VERIFIED_STATE,SAFE_READ_RETRY_WITH_BACKOFF,False,NOT_STARTED,APPROVED_VISUAL_LANGUAGE,Wallet
DB-WALLET-010,88,Transaction filters,Wallet & deposits,sheet,"Filter by type, status and date.",Apply filters,Clear all,overlay:transaction-filters,transactions.filter,,SERVER_AUTHORITATIVE,DIRECT_APPROVED_VISUAL,VIS-04,BLOCK_ACTION_AND_SHOW_LAST_VERIFIED_STATE,PRESENTATION_ONLY,False,NOT_STARTED,APPROVED_VISUAL_LANGUAGE,Wallet
DB-WALLET-011,89,Deposit details,Wallet & deposits,detail,"Provider reference, confirmation time and balance impact.",Get help,,/wallet/deposit-details,transaction.deposit,,SERVER_AUTHORITATIVE,DIRECT_APPROVED_VISUAL,VIS-04 | VIS-08 | VIS-13,BLOCK_ACTION_AND_SHOW_LAST_VERIFIED_STATE,PRESENTATION_ONLY,False,NOT_STARTED,APPROVED_VISUAL_LANGUAGE,Wallet
DB-WALLET-012,90,Stake details,Wallet & deposits,detail,"Match reference, locked amount and release state.",Open match receipt,,/wallet/stake-details,transaction.stake,,SERVER_AUTHORITATIVE,DERIVED_FROM_APPROVED_COMPONENT_PATTERN,VIS-04 | VIS-13,BLOCK_ACTION_AND_SHOW_LAST_VERIFIED_STATE,PRESENTATION_ONLY,False,NOT_STARTED,APPROVED_VISUAL_LANGUAGE,Wallet
DB-WALLET-013,91,Payout details,Wallet & deposits,detail,"Gross pot, commission, net payout and ledger reference.",Open match receipt,,/wallet/payout-details,transaction.payout,,SERVER_AUTHORITATIVE,DERIVED_FROM_APPROVED_COMPONENT_PATTERN,VIS-04 | VIS-13,BLOCK_ACTION_AND_SHOW_LAST_VERIFIED_STATE,PRESENTATION_ONLY,False,NOT_STARTED,APPROVED_VISUAL_LANGUAGE,Wallet
DB-WALLET-014,92,Locked funds,Wallet & deposits,list,Funds reserved for active or unsettled matches.,Open match,,/wallet/locked-funds,wallet.locked,,SERVER_AUTHORITATIVE,DIRECT_APPROVED_VISUAL,VIS-04,BLOCK_ACTION_AND_SHOW_LAST_VERIFIED_STATE,PRESENTATION_ONLY,False,NOT_STARTED,APPROVED_VISUAL_LANGUAGE,Wallet
DB-WALLET-015,93,Wallet unavailable,Wallet & deposits,system,Balances could not be verified. Money actions are disabled.,Retry,Contact support,/wallet/wallet-unavailable,wallet.error,,SERVER_AUTHORITATIVE,DIRECT_APPROVED_VISUAL,VIS-04,BLOCK_ACTION_AND_SHOW_LAST_VERIFIED_STATE,PRESENTATION_ONLY,False,NOT_STARTED,APPROVED_VISUAL_LANGUAGE,Wallet
DB-WITHDRAW-001,94,Withdraw money,Withdrawals,amount,Enter an amount within available balance and account limits.,Continue,Cancel,/wallet/withdraw/withdraw-money,withdrawal.quote,POST /withdrawals/quote,SERVER_AUTHORITATIVE,DIRECT_APPROVED_VISUAL,VIS-04,BLOCK_ACTION_AND_SHOW_LAST_VERIFIED_STATE,LOOK_UP_EXISTING_OPERATION_BY_IDEMPOTENCY_KEY_BEFORE_RETRY,True,NOT_STARTED,APPROVED_VISUAL_LANGUAGE,Wallet
DB-WITHDRAW-002,95,Select bank account,Withdrawals,list,Choose a verified payout destination.,Continue,Add bank account,/wallet/withdraw/select-bank-account,bank.select,,SERVER_AUTHORITATIVE,DIRECT_APPROVED_VISUAL,VIS-04,BLOCK_ACTION_AND_SHOW_LAST_VERIFIED_STATE,PRESENTATION_ONLY,False,NOT_STARTED,APPROVED_VISUAL_LANGUAGE,Wallet
DB-WITHDRAW-003,96,Add bank account,Withdrawals,form,Enter bank and account number for server-side verification.,Verify account,Cancel,/wallet/withdraw/add-bank-account,bank.verify,POST /bank-accounts/verify,SERVER_AUTHORITATIVE,DIRECT_APPROVED_VISUAL,VIS-05,BLOCK_ACTION_AND_SHOW_LAST_VERIFIED_STATE,LOOK_UP_EXISTING_OPERATION_BY_IDEMPOTENCY_KEY_BEFORE_RETRY,True,NOT_STARTED,APPROVED_VISUAL_LANGUAGE,Wallet
DB-WITHDRAW-004,97,Verifying bank account,Withdrawals,loading,Checking the account name with the payout provider.,,,/wallet/withdraw/verifying-bank-account,bank.verifying,,SERVER_AUTHORITATIVE,DERIVED_FROM_APPROVED_COMPONENT_PATTERN,VIS-05 | VIS-14,BLOCK_ACTION_AND_SHOW_LAST_VERIFIED_STATE,PRESENTATION_ONLY,False,NOT_STARTED,APPROVED_VISUAL_LANGUAGE,Wallet
DB-WITHDRAW-005,98,Withdrawal review,Withdrawals,confirm,"Confirm amount, destination, charges and net payout.",Confirm withdrawal,Cancel,/wallet/withdraw/withdrawal-review,withdrawal.create,POST /withdrawals,SERVER_AUTHORITATIVE,DIRECT_APPROVED_VISUAL,VIS-05,BLOCK_ACTION_AND_SHOW_LAST_VERIFIED_STATE,LOOK_UP_EXISTING_OPERATION_BY_IDEMPOTENCY_KEY_BEFORE_RETRY,True,NOT_STARTED,APPROVED_VISUAL_LANGUAGE,Wallet
DB-WITHDRAW-006,99,Verification required,Withdrawals,system,Identity verification is required before withdrawal.,Verify identity,Cancel,/wallet/withdraw/verification-required,withdrawal.kyc_required,,SERVER_AUTHORITATIVE,DIRECT_APPROVED_VISUAL,VIS-05 | VIS-06,BLOCK_ACTION_AND_SHOW_LAST_VERIFIED_STATE,PRESENTATION_ONLY,False,NOT_STARTED,APPROVED_VISUAL_LANGUAGE,Wallet
DB-WITHDRAW-007,100,Withdrawal pending review,Withdrawals,system,"Risk review is in progress. Funds are reserved, not withdrawn.",View status,Contact support,/wallet/withdraw/withdrawal-pending-review,withdrawal.review,,SERVER_AUTHORITATIVE,DIRECT_APPROVED_VISUAL,VIS-05 | VIS-14,BLOCK_ACTION_AND_SHOW_LAST_VERIFIED_STATE,PRESENTATION_ONLY,False,NOT_STARTED,APPROVED_VISUAL_LANGUAGE,Wallet
DB-WITHDRAW-008,101,Withdrawal processing,Withdrawals,loading,Approved payout is being sent to your bank.,,,/wallet/withdraw/withdrawal-processing,withdrawal.processing,,SERVER_AUTHORITATIVE,DIRECT_APPROVED_VISUAL,VIS-05,BLOCK_ACTION_AND_SHOW_LAST_VERIFIED_STATE,PRESENTATION_ONLY,False,NOT_STARTED,APPROVED_VISUAL_LANGUAGE,Wallet
DB-WITHDRAW-009,102,Withdrawal successful,Withdrawals,success,The provider confirmed the payout.,Done,View transaction,/wallet/withdraw/withdrawal-successful,withdrawal.success,,SERVER_AUTHORITATIVE,DIRECT_APPROVED_VISUAL,VIS-05 | VIS-13,BLOCK_ACTION_AND_SHOW_LAST_VERIFIED_STATE,PRESENTATION_ONLY,False,NOT_STARTED,APPROVED_VISUAL_LANGUAGE,Wallet
DB-WITHDRAW-010,103,Withdrawal reversed,Withdrawals,system,The payout failed and funds returned to available balance.,Done,Try another bank,/wallet/withdraw/withdrawal-reversed,withdrawal.reversed,,SERVER_AUTHORITATIVE,DIRECT_APPROVED_VISUAL,VIS-05 | VIS-14,BLOCK_ACTION_AND_SHOW_LAST_VERIFIED_STATE,PRESENTATION_ONLY,False,NOT_STARTED,APPROVED_VISUAL_LANGUAGE,Wallet
DB-WITHDRAW-011,104,Withdrawal limit reached,Withdrawals,system,This request exceeds your account or safer-play limit.,View limits,Enter another amount,/wallet/withdraw/withdrawal-limit-reached,withdrawal.limit,,SERVER_AUTHORITATIVE,DIRECT_APPROVED_VISUAL,VIS-05,BLOCK_ACTION_AND_SHOW_LAST_VERIFIED_STATE,PRESENTATION_ONLY,False,NOT_STARTED,APPROVED_VISUAL_LANGUAGE,Wallet
DB-KYC-001,105,Verify your identity,KYC & compliance,kyc,Verification protects withdrawals and fair play.,Start verification,Not now,/profile/verification/verify-your-identity,kyc.start,POST /kyc/sessions,SERVER_AUTHORITATIVE,DIRECT_APPROVED_VISUAL,VIS-05,READ_ONLY_OR_CACHED_WHERE_SAFE,NO_BLIND_RETRY; RESYNC_AUTHORITATIVE_STATE,False,NOT_STARTED,APPROVED_VISUAL_LANGUAGE,Profile
DB-KYC-002,106,Personal details,KYC & compliance,form,Enter details exactly as they appear on your ID.,Continue,Save and exit,/profile/verification/personal-details,kyc.details,,SERVER_AUTHORITATIVE,DIRECT_APPROVED_VISUAL,VIS-05,READ_ONLY_OR_CACHED_WHERE_SAFE,PRESENTATION_ONLY,False,NOT_STARTED,APPROVED_VISUAL_LANGUAGE,Profile
DB-KYC-003,107,Select ID type,KYC & compliance,list,Choose a supported government-issued document.,Continue,Back,/profile/verification/select-id-type,kyc.id_type,,SERVER_AUTHORITATIVE,DIRECT_APPROVED_VISUAL,VIS-05,READ_ONLY_OR_CACHED_WHERE_SAFE,PRESENTATION_ONLY,False,NOT_STARTED,APPROVED_VISUAL_LANGUAGE,Profile
DB-KYC-004,108,Capture ID front,KYC & compliance,capture,Place the front of your document inside the frame.,Use photo,Retake,/profile/verification/capture-id-front,kyc.document.front,,SERVER_AUTHORITATIVE,DERIVED_FROM_APPROVED_COMPONENT_PATTERN,VIS-05 | VIS-06,READ_ONLY_OR_CACHED_WHERE_SAFE,PRESENTATION_ONLY,False,NOT_STARTED,APPROVED_VISUAL_LANGUAGE,Profile
DB-KYC-005,109,Capture ID back,KYC & compliance,capture,Place the back of your document inside the frame.,Use photo,Retake,/profile/verification/capture-id-back,kyc.document.back,,SERVER_AUTHORITATIVE,DERIVED_FROM_APPROVED_COMPONENT_PATTERN,VIS-05 | VIS-06,READ_ONLY_OR_CACHED_WHERE_SAFE,PRESENTATION_ONLY,False,NOT_STARTED,APPROVED_VISUAL_LANGUAGE,Profile
DB-KYC-006,110,Selfie check,KYC & compliance,capture,Keep your face centered and follow the liveness prompts.,Start check,Cancel,/profile/verification/selfie-check,kyc.liveness,,SERVER_AUTHORITATIVE,DIRECT_APPROVED_VISUAL,VIS-05,READ_ONLY_OR_CACHED_WHERE_SAFE,PRESENTATION_ONLY,False,NOT_STARTED,APPROVED_VISUAL_LANGUAGE,Profile
DB-KYC-007,111,Verification processing,KYC & compliance,loading,Your encrypted submission is being reviewed.,,,/profile/verification/verification-processing,kyc.processing,GET /kyc/status,SERVER_AUTHORITATIVE,DIRECT_APPROVED_VISUAL,VIS-06,READ_ONLY_OR_CACHED_WHERE_SAFE,SAFE_READ_RETRY_WITH_BACKOFF,False,NOT_STARTED,APPROVED_VISUAL_LANGUAGE,Profile
DB-KYC-008,112,Identity verified,KYC & compliance,success,Withdrawals and verified-player features are unlocked.,Continue,,/profile/verification/identity-verified,kyc.verified,,SERVER_AUTHORITATIVE,DERIVED_FROM_APPROVED_COMPONENT_PATTERN,VIS-05 | VIS-06,READ_ONLY_OR_CACHED_WHERE_SAFE,PRESENTATION_ONLY,False,NOT_STARTED,APPROVED_VISUAL_LANGUAGE,Profile
DB-KYC-009,113,Verification rejected,KYC & compliance,system,We could not verify the submitted information.,Review and retry,Contact support,/profile/verification/verification-rejected,kyc.rejected,,SERVER_AUTHORITATIVE,DIRECT_APPROVED_VISUAL,VIS-06,READ_ONLY_OR_CACHED_WHERE_SAFE,PRESENTATION_ONLY,False,NOT_STARTED,APPROVED_VISUAL_LANGUAGE,Profile
DB-KYC-010,114,Verification expired,KYC & compliance,system,Your verification must be renewed before money movement.,Verify again,Later,/profile/verification/verification-expired,kyc.expired,,SERVER_AUTHORITATIVE,DIRECT_APPROVED_VISUAL,VIS-06,READ_ONLY_OR_CACHED_WHERE_SAFE,PRESENTATION_ONLY,False,NOT_STARTED,APPROVED_VISUAL_LANGUAGE,Profile
DB-ACCOUNT-001,115,Match history,"History, account & disputes",list,"Completed, cancelled and disputed matches.",Filter,,/profile/match-history,history.loaded,GET /matches/history,SERVER_AUTHORITATIVE,DIRECT_APPROVED_VISUAL,VIS-00 | VIS-10 | VIS-12,READ_ONLY_OR_CACHED_WHERE_SAFE,SAFE_READ_RETRY_WITH_BACKOFF,False,NOT_STARTED,APPROVED_VISUAL_LANGUAGE,Profile
DB-ACCOUNT-002,116,No match history,"History, account & disputes",empty,Completed matches will appear here.,Find a match,,/profile/no-match-history,history.empty,,CLIENT_PRESENTATION,DIRECT_APPROVED_VISUAL,VIS-00 | VIS-12,READ_ONLY_OR_CACHED_WHERE_SAFE,PRESENTATION_ONLY,False,NOT_STARTED,APPROVED_VISUAL_LANGUAGE,Profile
DB-ACCOUNT-003,117,Match details,"History, account & disputes",detail,"Players, terms, result, timestamps and settlement status.",View receipt,Report match,/profile/match-details,match.history.detail,,CLIENT_PRESENTATION,DIRECT_APPROVED_VISUAL,VIS-00 | VIS-12,READ_ONLY_OR_CACHED_WHERE_SAFE,PRESENTATION_ONLY,False,NOT_STARTED,APPROVED_VISUAL_LANGUAGE,Profile
DB-ACCOUNT-004,118,Move history,"History, account & disputes",moves,Server-recorded move notation for this match.,Download,Back,/profile/move-history,moves.loaded,GET /matches/:id/moves,SERVER_AUTHORITATIVE,DIRECT_APPROVED_VISUAL,VIS-12,READ_ONLY_OR_CACHED_WHERE_SAFE,SAFE_READ_RETRY_WITH_BACKOFF,False,NOT_STARTED,APPROVED_VISUAL_LANGUAGE,Profile
DB-ACCOUNT-005,119,Report match,"History, account & disputes",form,"Report a rules, conduct, connection or settlement issue.",Continue,Cancel,/profile/report-match,dispute.start,,CLIENT_PRESENTATION,DIRECT_APPROVED_VISUAL,VIS-00 | VIS-12,READ_ONLY_OR_CACHED_WHERE_SAFE,PRESENTATION_ONLY,False,NOT_STARTED,APPROVED_VISUAL_LANGUAGE,Profile
DB-ACCOUNT-006,120,Dispute reason,"History, account & disputes",list,Choose the issue that best matches what happened.,Continue,Cancel,/profile/dispute-reason,dispute.reason,,CLIENT_PRESENTATION,DIRECT_APPROVED_VISUAL,VIS-12,READ_ONLY_OR_CACHED_WHERE_SAFE,PRESENTATION_ONLY,False,NOT_STARTED,APPROVED_VISUAL_LANGUAGE,Profile
DB-ACCOUNT-007,121,Add evidence,"History, account & disputes",form,Add concise details and optional screenshots.,Submit dispute,Save draft,/profile/add-evidence,dispute.submit,POST /disputes,SERVER_AUTHORITATIVE,DERIVED_FROM_APPROVED_COMPONENT_PATTERN,VIS-12 | VIS-08,READ_ONLY_OR_CACHED_WHERE_SAFE,NO_BLIND_RETRY; RESYNC_AUTHORITATIVE_STATE,False,NOT_STARTED,APPROVED_VISUAL_LANGUAGE,Profile
DB-ACCOUNT-008,122,Dispute submitted,"History, account & disputes",success,Your case reference has been created.,View status,Done,/profile/dispute-submitted,dispute.created,,CLIENT_PRESENTATION,DIRECT_APPROVED_VISUAL,VIS-12,READ_ONLY_OR_CACHED_WHERE_SAFE,PRESENTATION_ONLY,False,NOT_STARTED,APPROVED_VISUAL_LANGUAGE,Profile
DB-ACCOUNT-009,123,Dispute status,"History, account & disputes",detail,"Timeline, evidence, reviewer updates and resolution.",Add information,Contact support,/profile/dispute-status,dispute.status,GET /disputes/:id,SERVER_AUTHORITATIVE,DIRECT_APPROVED_VISUAL,VIS-12,READ_ONLY_OR_CACHED_WHERE_SAFE,SAFE_READ_RETRY_WITH_BACKOFF,False,NOT_STARTED,APPROVED_VISUAL_LANGUAGE,Profile
DB-ACCOUNT-010,124,Notifications,"History, account & disputes",notifications,"Match, wallet, KYC, security and support updates.",Mark all read,,/profile/notifications,notifications.loaded,GET /notifications,SERVER_AUTHORITATIVE,DIRECT_APPROVED_VISUAL,VIS-10 | VIS-11 | VIS-12,READ_ONLY_OR_CACHED_WHERE_SAFE,SAFE_READ_RETRY_WITH_BACKOFF,False,NOT_STARTED,APPROVED_VISUAL_LANGUAGE,Profile
DB-ACCOUNT-011,125,No notifications,"History, account & disputes",empty,Important account updates will appear here.,Back to home,,/profile/no-notifications,notifications.empty,,CLIENT_PRESENTATION,DIRECT_APPROVED_VISUAL,VIS-11 | VIS-12,READ_ONLY_OR_CACHED_WHERE_SAFE,PRESENTATION_ONLY,False,NOT_STARTED,APPROVED_VISUAL_LANGUAGE,Profile
DB-ACCOUNT-012,126,Notification details,"History, account & disputes",detail,Verified event details with deep link to the affected record.,Open related item,Delete,/profile/notification-details,notification.open,,CLIENT_PRESENTATION,DIRECT_APPROVED_VISUAL,VIS-08 | VIS-09 | VIS-10 | VIS-11 | VIS-12,READ_ONLY_OR_CACHED_WHERE_SAFE,PRESENTATION_ONLY,False,NOT_STARTED,APPROVED_VISUAL_LANGUAGE,Profile
DB-ACCOUNT-013,127,Profile,"History, account & disputes",profile,"Public identity, tier, rating and verification status.",Edit profile,View statistics,/profile/profile,profile.loaded,GET /me,SERVER_AUTHORITATIVE,DIRECT_APPROVED_VISUAL,VIS-02 | VIS-03 | VIS-06,READ_ONLY_OR_CACHED_WHERE_SAFE,SAFE_READ_RETRY_WITH_BACKOFF,False,NOT_STARTED,APPROVED_VISUAL_LANGUAGE,Profile
DB-ACCOUNT-014,128,Player statistics,"History, account & disputes",stats,"Rating, results, streaks and time-control performance.",Share profile,Back,/profile/player-statistics,stats.loaded,GET /me/stats,SERVER_AUTHORITATIVE,DIRECT_APPROVED_VISUAL,VIS-06,READ_ONLY_OR_CACHED_WHERE_SAFE,SAFE_READ_RETRY_WITH_BACKOFF,False,NOT_STARTED,APPROVED_VISUAL_LANGUAGE,Profile
DB-ACCOUNT-015,129,Edit profile,"History, account & disputes",form,"Update display name, avatar and public preferences.",Save changes,Cancel,/profile/edit-profile,profile.update,PATCH /me,SERVER_AUTHORITATIVE,DIRECT_APPROVED_VISUAL,VIS-06,READ_ONLY_OR_CACHED_WHERE_SAFE,NO_BLIND_RETRY; RESYNC_AUTHORITATIVE_STATE,False,NOT_STARTED,APPROVED_VISUAL_LANGUAGE,Profile
DB-ACCOUNT-016,130,Settings,"History, account & disputes",settings,"Security, notifications, safer play, legal and support.",,,/profile/settings,settings.loaded,,CLIENT_PRESENTATION,DIRECT_APPROVED_VISUAL,VIS-08,READ_ONLY_OR_CACHED_WHERE_SAFE,PRESENTATION_ONLY,False,NOT_STARTED,APPROVED_VISUAL_LANGUAGE,Profile
DB-ACCOUNT-017,131,Security & devices,"History, account & disputes",settings,"Sessions, biometrics, password and trusted devices.",Sign out other devices,,/profile/security-devices,security.loaded,GET /security/sessions,SERVER_AUTHORITATIVE,DIRECT_APPROVED_VISUAL,VIS-08,READ_ONLY_OR_CACHED_WHERE_SAFE,SAFE_READ_RETRY_WITH_BACKOFF,False,NOT_STARTED,APPROVED_VISUAL_LANGUAGE,Profile
DB-ACCOUNT-018,132,Change password,"History, account & disputes",form,"Confirm current password, then choose a new one.",Update password,Cancel,/profile/change-password,password.change,POST /auth/password/change,SERVER_AUTHORITATIVE,DIRECT_APPROVED_VISUAL,VIS-08,READ_ONLY_OR_CACHED_WHERE_SAFE,NO_BLIND_RETRY; RESYNC_AUTHORITATIVE_STATE,False,NOT_STARTED,APPROVED_VISUAL_LANGUAGE,Profile
DB-ACCOUNT-019,133,Notification preferences,"History, account & disputes",settings,Control push alerts without disabling critical money updates.,Save,,/profile/notification-preferences,preferences.notifications,,CLIENT_PRESENTATION,DIRECT_APPROVED_VISUAL,VIS-08,READ_ONLY_OR_CACHED_WHERE_SAFE,PRESENTATION_ONLY,False,NOT_STARTED,APPROVED_VISUAL_LANGUAGE,Profile
DB-ACCOUNT-020,134,Saved bank accounts,"History, account & disputes",list,Verified withdrawal destinations.,Add bank account,,/profile/saved-bank-accounts,banks.loaded,GET /bank-accounts,SERVER_AUTHORITATIVE,DERIVED_FROM_APPROVED_COMPONENT_PATTERN,VIS-12 | VIS-08,BLOCK_ACTION_AND_SHOW_LAST_VERIFIED_STATE,SAFE_READ_RETRY_WITH_BACKOFF,False,NOT_STARTED,APPROVED_VISUAL_LANGUAGE,Profile
DB-SYSTEM-001,135,Safer play,"Safer play, support & system",settings,"Review limits, activity controls and support resources.",,,/profile/settings/safer-play,safer_play.loaded,,CLIENT_PRESENTATION,DIRECT_APPROVED_VISUAL,VIS-08 | VIS-12,READ_ONLY_OR_CACHED_WHERE_SAFE,PRESENTATION_ONLY,False,NOT_STARTED,APPROVED_VISUAL_LANGUAGE,Profile
DB-SYSTEM-002,136,Deposit limits,"Safer play, support & system",amount,"Set a daily, weekly or monthly deposit ceiling.",Review limit,Cancel,/profile/settings/deposit-limits,limit.deposit,,SERVER_AUTHORITATIVE,DIRECT_APPROVED_VISUAL,VIS-04 | VIS-08 | VIS-12,BLOCK_ACTION_AND_SHOW_LAST_VERIFIED_STATE,PRESENTATION_ONLY,False,NOT_STARTED,APPROVED_VISUAL_LANGUAGE,Profile
DB-SYSTEM-003,137,Stake limits,"Safer play, support & system",amount,Set the maximum amount you can stake per period.,Review limit,Cancel,/profile/settings/stake-limits,limit.stake,,SERVER_AUTHORITATIVE,DIRECT_APPROVED_VISUAL,VIS-08 | VIS-12,BLOCK_ACTION_AND_SHOW_LAST_VERIFIED_STATE,PRESENTATION_ONLY,False,NOT_STARTED,APPROVED_VISUAL_LANGUAGE,Profile
DB-SYSTEM-004,138,Take a break,"Safer play, support & system",list,Pause money play for a fixed cooling-off period.,Continue,Cancel,/profile/settings/take-a-break,timeout.start,,CLIENT_PRESENTATION,DIRECT_APPROVED_VISUAL,VIS-08,READ_ONLY_OR_CACHED_WHERE_SAFE,PRESENTATION_ONLY,False,NOT_STARTED,APPROVED_VISUAL_LANGUAGE,Profile
DB-SYSTEM-005,139,Self-exclusion,"Safer play, support & system",form,Block real-money access for the selected exclusion period.,Review exclusion,Cancel,/profile/settings/self-exclusion,exclusion.start,,CLIENT_PRESENTATION,DIRECT_APPROVED_VISUAL,VIS-08,READ_ONLY_OR_CACHED_WHERE_SAFE,PRESENTATION_ONLY,False,NOT_STARTED,APPROVED_VISUAL_LANGUAGE,Profile
DB-SYSTEM-006,140,Limit confirmed,"Safer play, support & system",success,The safer-play control is active and cannot be loosened immediately.,Done,,/profile/settings/limit-confirmed,limit.confirmed,,CLIENT_PRESENTATION,DIRECT_APPROVED_VISUAL,VIS-14,READ_ONLY_OR_CACHED_WHERE_SAFE,PRESENTATION_ONLY,False,NOT_STARTED,APPROVED_VISUAL_LANGUAGE,Profile
DB-SYSTEM-007,141,Help centre,"Safer play, support & system",list,"Find answers about matches, money, identity and account access.",Contact support,,/profile/settings/help-centre,help.loaded,,CLIENT_PRESENTATION,DERIVED_FROM_APPROVED_COMPONENT_PATTERN,VIS-08 | VIS-09 | VIS-10,READ_ONLY_OR_CACHED_WHERE_SAFE,PRESENTATION_ONLY,False,NOT_STARTED,APPROVED_VISUAL_LANGUAGE,Profile
DB-SYSTEM-008,142,Support category,"Safer play, support & system",list,Choose a topic so we route your request correctly.,Continue,Back,/profile/settings/support-category,support.category,,CLIENT_PRESENTATION,DERIVED_FROM_APPROVED_COMPONENT_PATTERN,VIS-08 | VIS-09 | VIS-10,READ_ONLY_OR_CACHED_WHERE_SAFE,PRESENTATION_ONLY,False,NOT_STARTED,APPROVED_VISUAL_LANGUAGE,Profile
DB-SYSTEM-009,143,Create support ticket,"Safer play, support & system",form,Describe the issue and attach relevant references.,Submit ticket,Save draft,/profile/settings/create-support-ticket,support.submit,POST /support/tickets,SERVER_AUTHORITATIVE,DERIVED_FROM_APPROVED_COMPONENT_PATTERN,VIS-08 | VIS-09 | VIS-10,READ_ONLY_OR_CACHED_WHERE_SAFE,NO_BLIND_RETRY; RESYNC_AUTHORITATIVE_STATE,False,NOT_STARTED,APPROVED_VISUAL_LANGUAGE,Profile
DB-SYSTEM-010,144,Ticket submitted,"Safer play, support & system",success,Your support reference has been created.,View ticket,Done,/profile/settings/ticket-submitted,support.created,,CLIENT_PRESENTATION,DERIVED_FROM_APPROVED_COMPONENT_PATTERN,VIS-08 | VIS-09 | VIS-10,READ_ONLY_OR_CACHED_WHERE_SAFE,PRESENTATION_ONLY,False,NOT_STARTED,APPROVED_VISUAL_LANGUAGE,Profile
DB-SYSTEM-011,145,Terms & conditions,"Safer play, support & system",legal,Versioned terms governing account and game use.,Done,,/profile/settings/terms-conditions,legal.terms,,CLIENT_PRESENTATION,DIRECT_APPROVED_VISUAL,VIS-09,READ_ONLY_OR_CACHED_WHERE_SAFE,PRESENTATION_ONLY,False,NOT_STARTED,APPROVED_VISUAL_LANGUAGE,Profile
DB-SYSTEM-012,146,Privacy notice,"Safer play, support & system",legal,"How identity, device, game and payment data are handled.",Done,,/profile/settings/privacy-notice,legal.privacy,,CLIENT_PRESENTATION,DERIVED_FROM_APPROVED_COMPONENT_PATTERN,VIS-08 | VIS-09 | VIS-10,READ_ONLY_OR_CACHED_WHERE_SAFE,PRESENTATION_ONLY,False,NOT_STARTED,APPROVED_VISUAL_LANGUAGE,Profile
DB-SYSTEM-013,147,Responsible gaming,"Safer play, support & system",legal,"Tools, warning signs and independent support resources.",Open safer play,Done,/profile/settings/responsible-gaming,legal.safer_play,,CLIENT_PRESENTATION,DERIVED_FROM_APPROVED_COMPONENT_PATTERN,VIS-08 | VIS-09 | VIS-10,READ_ONLY_OR_CACHED_WHERE_SAFE,PRESENTATION_ONLY,False,NOT_STARTED,APPROVED_VISUAL_LANGUAGE,Profile
DB-SYSTEM-014,148,About Draught Bet,"Safer play, support & system",detail,"App version, licences, policies and service status.",Check for updates,,/profile/settings/about-draught-bet,about.open,,CLIENT_PRESENTATION,DERIVED_FROM_APPROVED_COMPONENT_PATTERN,VIS-08 | VIS-09 | VIS-10,READ_ONLY_OR_CACHED_WHERE_SAFE,PRESENTATION_ONLY,False,NOT_STARTED,APPROVED_VISUAL_LANGUAGE,Profile
DB-SYSTEM-015,149,Session expired,"Safer play, support & system",system,Sign in again to protect your account.,Sign in,,/profile/settings/session-expired,session.expired,,CLIENT_PRESENTATION,DIRECT_APPROVED_VISUAL,VIS-09,READ_ONLY_OR_CACHED_WHERE_SAFE,PRESENTATION_ONLY,False,NOT_STARTED,APPROVED_VISUAL_LANGUAGE,
DB-SYSTEM-016,150,Account restricted,"Safer play, support & system",system,Money play is disabled while this account is reviewed.,View details,Contact support,/profile/settings/account-restricted,account.restricted,,CLIENT_PRESENTATION,DIRECT_APPROVED_VISUAL,VIS-09,READ_ONLY_OR_CACHED_WHERE_SAFE,PRESENTATION_ONLY,False,NOT_STARTED,APPROVED_VISUAL_LANGUAGE,
DB-SYSTEM-017,151,Scheduled maintenance,"Safer play, support & system",system,Draught Bet is temporarily unavailable. No funds are at risk.,Try again,,/profile/settings/scheduled-maintenance,maintenance.active,,CLIENT_PRESENTATION,DIRECT_APPROVED_VISUAL,VIS-09,READ_ONLY_OR_CACHED_WHERE_SAFE,PRESENTATION_ONLY,False,NOT_STARTED,APPROVED_VISUAL_LANGUAGE,
DB-SYSTEM-018,152,No internet,"Safer play, support & system",system,Check your connection. Money actions remain disabled offline.,Retry,,/profile/settings/no-internet,network.offline,,CLIENT_PRESENTATION,DIRECT_APPROVED_VISUAL,VIS-09,READ_ONLY_OR_CACHED_WHERE_SAFE,PRESENTATION_ONLY,False,NOT_STARTED,APPROVED_VISUAL_LANGUAGE,
DB-SYSTEM-019,153,Update required,"Safer play, support & system",system,Install the latest secure version to continue.,Update app,,/profile/settings/update-required,app.force_update,,CLIENT_PRESENTATION,DIRECT_APPROVED_VISUAL,VIS-09,READ_ONLY_OR_CACHED_WHERE_SAFE,PRESENTATION_ONLY,False,NOT_STARTED,APPROVED_VISUAL_LANGUAGE,
DB-SYSTEM-020,154,Something went wrong,"Safer play, support & system",system,The request failed safely. No duplicate action was submitted.,Try again,Contact support,/profile/settings/something-went-wrong,error.generic,,CLIENT_PRESENTATION,DERIVED_FROM_APPROVED_COMPONENT_PATTERN,VIS-08 | VIS-09 | VIS-10,READ_ONLY_OR_CACHED_WHERE_SAFE,PRESENTATION_ONLY,False,NOT_STARTED,APPROVED_VISUAL_LANGUAGE,
DB-SYSTEM-021,155,Camera permission,"Safer play, support & system",permission,Camera access is required for document and selfie verification.,Open settings,Not now,overlay:camera-permission,permission.camera,,CLIENT_PRESENTATION,DIRECT_APPROVED_VISUAL,VIS-09,READ_ONLY_OR_CACHED_WHERE_SAFE,PRESENTATION_ONLY,False,NOT_STARTED,APPROVED_VISUAL_LANGUAGE,
DB-SYSTEM-022,156,Notification permission,"Safer play, support & system",permission,Enable alerts for match turns and money status changes.,Enable notifications,Not now,overlay:notification-permission,permission.notifications,,CLIENT_PRESENTATION,DIRECT_APPROVED_VISUAL,VIS-09,READ_ONLY_OR_CACHED_WHERE_SAFE,PRESENTATION_ONLY,False,NOT_STARTED,APPROVED_VISUAL_LANGUAGE,
DB-SYSTEM-023,157,Sign out,"Safer play, support & system",modal,You will need to sign in again on this device.,Sign out,Cancel,overlay:sign-out,auth.logout,,CLIENT_PRESENTATION,DERIVED_FROM_APPROVED_COMPONENT_PATTERN,VIS-08 | VIS-09 | VIS-10,READ_ONLY_OR_CACHED_WHERE_SAFE,PRESENTATION_ONLY,False,NOT_STARTED,APPROVED_VISUAL_LANGUAGE,
DB-SYSTEM-024,158,Delete account,"Safer play, support & system",system,"Review unresolved balances, disputes and retention requirements.",Continue,Cancel,/profile/settings/delete-account,account.delete.start,,CLIENT_PRESENTATION,DIRECT_APPROVED_VISUAL,VIS-09,READ_ONLY_OR_CACHED_WHERE_SAFE,PRESENTATION_ONLY,False,NOT_STARTED,APPROVED_VISUAL_LANGUAGE,
DB-SYSTEM-025,159,Verify account deletion,"Safer play, support & system",otp,Enter the code sent to your verified contact.,Verify deletion,Cancel,/profile/settings/verify-account-deletion,account.delete.verify,,CLIENT_PRESENTATION,DIRECT_APPROVED_VISUAL,VIS-01,READ_ONLY_OR_CACHED_WHERE_SAFE,PRESENTATION_ONLY,False,NOT_STARTED,APPROVED_VISUAL_LANGUAGE,
DB-SYSTEM-026,160,Deletion scheduled,"Safer play, support & system",success,Access is disabled and deletion follows the retention policy.,Close,,/profile/settings/deletion-scheduled,account.delete.scheduled,,CLIENT_PRESENTATION,DERIVED_FROM_APPROVED_COMPONENT_PATTERN,VIS-08 | VIS-09 | VIS-10,READ_ONLY_OR_CACHED_WHERE_SAFE,PRESENTATION_ONLY,False,NOT_STARTED,APPROVED_VISUAL_LANGUAGE,
