screen_id,title,rest_or_socket,event,authority,idempotency,offline,retry,minimum_ui_states
DB-AUTH-006,Sign in,POST /auth/login,auth.login,SERVER_AUTHORITATIVE,NOT_APPLICABLE_OR_CONTRACT_DEFINED,READ_ONLY_OR_CACHED_WHERE_SAFE,NO_BLIND_RETRY; RESYNC_AUTHORITATIVE_STATE,loading | success | safe failure | timeout/unknown where applicable
DB-AUTH-007,Create account,POST /auth/register,auth.register,SERVER_AUTHORITATIVE,NOT_APPLICABLE_OR_CONTRACT_DEFINED,READ_ONLY_OR_CACHED_WHERE_SAFE,NO_BLIND_RETRY; RESYNC_AUTHORITATIVE_STATE,loading | success | safe failure | timeout/unknown where applicable
DB-AUTH-008,Age & legal eligibility,POST /legal/acceptance,legal.accept,SERVER_AUTHORITATIVE,NOT_APPLICABLE_OR_CONTRACT_DEFINED,READ_ONLY_OR_CACHED_WHERE_SAFE,NO_BLIND_RETRY; RESYNC_AUTHORITATIVE_STATE,loading | success | safe failure | timeout/unknown where applicable
DB-AUTH-009,Verify your contact,-,verification.sent,CLIENT_PRESENTATION,NOT_APPLICABLE_OR_CONTRACT_DEFINED,READ_ONLY_OR_CACHED_WHERE_SAFE,PRESENTATION_ONLY,loading | success | safe failure | timeout/unknown where applicable
DB-AUTH-010,Verification code,POST /auth/verify,verification.submit,SERVER_AUTHORITATIVE,NOT_APPLICABLE_OR_CONTRACT_DEFINED,READ_ONLY_OR_CACHED_WHERE_SAFE,NO_BLIND_RETRY; RESYNC_AUTHORITATIVE_STATE,loading | success | safe failure | timeout/unknown where applicable
DB-AUTH-011,Forgot password,POST /auth/password/forgot,password.request,SERVER_AUTHORITATIVE,NOT_APPLICABLE_OR_CONTRACT_DEFINED,READ_ONLY_OR_CACHED_WHERE_SAFE,NO_BLIND_RETRY; RESYNC_AUTHORITATIVE_STATE,loading | success | safe failure | timeout/unknown where applicable
DB-AUTH-012,Reset password,POST /auth/password/reset,password.reset,SERVER_AUTHORITATIVE,NOT_APPLICABLE_OR_CONTRACT_DEFINED,READ_ONLY_OR_CACHED_WHERE_SAFE,NO_BLIND_RETRY; RESYNC_AUTHORITATIVE_STATE,loading | success | safe failure | timeout/unknown where applicable
DB-AUTH-013,Password reset,-,password.reset.success,CLIENT_PRESENTATION,NOT_APPLICABLE_OR_CONTRACT_DEFINED,READ_ONLY_OR_CACHED_WHERE_SAFE,PRESENTATION_ONLY,loading | success | safe failure | timeout/unknown where applicable
DB-AUTH-014,Terms acceptance,-,legal.accept,CLIENT_PRESENTATION,NOT_APPLICABLE_OR_CONTRACT_DEFINED,READ_ONLY_OR_CACHED_WHERE_SAFE,PRESENTATION_ONLY,loading | success | safe failure | timeout/unknown where applicable
DB-AUTH-015,Restoring session,-,session.restore,CLIENT_PRESENTATION,NOT_APPLICABLE_OR_CONTRACT_DEFINED,READ_ONLY_OR_CACHED_WHERE_SAFE,PRESENTATION_ONLY,loading | success | safe failure | timeout/unknown where applicable
DB-AUTH-016,Use biometric sign in,-,biometric.prompt,CLIENT_PRESENTATION,NOT_APPLICABLE_OR_CONTRACT_DEFINED,READ_ONLY_OR_CACHED_WHERE_SAFE,PRESENTATION_ONLY,loading | success | safe failure | timeout/unknown where applicable
DB-AUTH-017,Account created,-,account.created,CLIENT_PRESENTATION,NOT_APPLICABLE_OR_CONTRACT_DEFINED,READ_ONLY_OR_CACHED_WHERE_SAFE,PRESENTATION_ONLY,loading | success | safe failure | timeout/unknown where applicable
DB-MATCH-001,Home / Lobby,GET /lobby,lobby.ready,SERVER_AUTHORITATIVE,NOT_APPLICABLE_OR_CONTRACT_DEFINED,READ_ONLY_OR_CACHED_WHERE_SAFE,SAFE_READ_RETRY_WITH_BACKOFF,loading | success | safe failure | timeout/unknown where applicable
DB-MATCH-002,Home loading,GET /lobby,lobby.loading,SERVER_AUTHORITATIVE,NOT_APPLICABLE_OR_CONTRACT_DEFINED,READ_ONLY_OR_CACHED_WHERE_SAFE,SAFE_READ_RETRY_WITH_BACKOFF,loading | success | safe failure | timeout/unknown where applicable
DB-MATCH-003,No recent matches,-,lobby.empty,CLIENT_PRESENTATION,NOT_APPLICABLE_OR_CONTRACT_DEFINED,READ_ONLY_OR_CACHED_WHERE_SAFE,PRESENTATION_ONLY,loading | success | safe failure | timeout/unknown where applicable
DB-MATCH-004,Open Arena,GET /matches/open,arena.loaded,SERVER_AUTHORITATIVE,NOT_APPLICABLE_OR_CONTRACT_DEFINED,READ_ONLY_OR_CACHED_WHERE_SAFE,SAFE_READ_RETRY_WITH_BACKOFF,loading | success | safe failure | timeout/unknown where applicable
DB-MATCH-005,Arena filters,-,arena.filter,CLIENT_PRESENTATION,NOT_APPLICABLE_OR_CONTRACT_DEFINED,READ_ONLY_OR_CACHED_WHERE_SAFE,PRESENTATION_ONLY,loading | success | safe failure | timeout/unknown where applicable
DB-MATCH-006,Open match details,GET /matches/:id,match.opened,SERVER_AUTHORITATIVE,NOT_APPLICABLE_OR_CONTRACT_DEFINED,READ_ONLY_OR_CACHED_WHERE_SAFE,SAFE_READ_RETRY_WITH_BACKOFF,loading | success | safe failure | timeout/unknown where applicable
DB-MATCH-007,Join match confirmation,POST /matches/:id/join,match.join.request,SERVER_AUTHORITATIVE,NOT_APPLICABLE_OR_CONTRACT_DEFINED,READ_ONLY_OR_CACHED_WHERE_SAFE,NO_BLIND_RETRY; RESYNC_AUTHORITATIVE_STATE,loading | success | safe failure | timeout/unknown where applicable
DB-MATCH-008,Match unavailable,-,match.unavailable,CLIENT_PRESENTATION,NOT_APPLICABLE_OR_CONTRACT_DEFINED,READ_ONLY_OR_CACHED_WHERE_SAFE,PRESENTATION_ONLY,loading | success | safe failure | timeout/unknown where applicable
DB-MATCH-009,Quick match setup,POST /matchmaking,matchmaking.start,SERVER_AUTHORITATIVE,NOT_APPLICABLE_OR_CONTRACT_DEFINED,READ_ONLY_OR_CACHED_WHERE_SAFE,NO_BLIND_RETRY; RESYNC_AUTHORITATIVE_STATE,loading | success | safe failure | timeout/unknown where applicable
DB-MATCH-010,Searching for opponent,DELETE /matchmaking,matchmaking.searching,SERVER_AUTHORITATIVE,NOT_APPLICABLE_OR_CONTRACT_DEFINED,READ_ONLY_OR_CACHED_WHERE_SAFE,NO_BLIND_RETRY; RESYNC_AUTHORITATIVE_STATE,loading | success | safe failure | timeout/unknown where applicable
DB-MATCH-011,No opponent found,-,matchmaking.empty,CLIENT_PRESENTATION,NOT_APPLICABLE_OR_CONTRACT_DEFINED,READ_ONLY_OR_CACHED_WHERE_SAFE,PRESENTATION_ONLY,loading | success | safe failure | timeout/unknown where applicable
DB-MATCH-012,Incoming challenge,POST /challenges/:id/respond,challenge.received,SERVER_AUTHORITATIVE,NOT_APPLICABLE_OR_CONTRACT_DEFINED,READ_ONLY_OR_CACHED_WHERE_SAFE,NO_BLIND_RETRY; RESYNC_AUTHORITATIVE_STATE,loading | success | safe failure | timeout/unknown where applicable
DB-MATCH-013,Challenge sent,DELETE /challenges/:id,challenge.sent,SERVER_AUTHORITATIVE,NOT_APPLICABLE_OR_CONTRACT_DEFINED,READ_ONLY_OR_CACHED_WHERE_SAFE,NO_BLIND_RETRY; RESYNC_AUTHORITATIVE_STATE,loading | success | safe failure | timeout/unknown where applicable
DB-MATCH-014,Challenge declined,-,challenge.closed,CLIENT_PRESENTATION,NOT_APPLICABLE_OR_CONTRACT_DEFINED,READ_ONLY_OR_CACHED_WHERE_SAFE,PRESENTATION_ONLY,loading | success | safe failure | timeout/unknown where applicable
DB-MATCH-015,Player search,GET /players/search,players.search,SERVER_AUTHORITATIVE,NOT_APPLICABLE_OR_CONTRACT_DEFINED,READ_ONLY_OR_CACHED_WHERE_SAFE,SAFE_READ_RETRY_WITH_BACKOFF,loading | success | safe failure | timeout/unknown where applicable
DB-MATCH-016,Public player profile,GET /players/:id,player.opened,SERVER_AUTHORITATIVE,NOT_APPLICABLE_OR_CONTRACT_DEFINED,READ_ONLY_OR_CACHED_WHERE_SAFE,SAFE_READ_RETRY_WITH_BACKOFF,loading | success | safe failure | timeout/unknown where applicable
DB-MATCH-017,Create match,POST /matches/quote,match.create.quote,SERVER_AUTHORITATIVE,NOT_APPLICABLE_OR_CONTRACT_DEFINED,READ_ONLY_OR_CACHED_WHERE_SAFE,NO_BLIND_RETRY; RESYNC_AUTHORITATIVE_STATE,loading | success | safe failure | timeout/unknown where applicable
DB-MATCH-018,Create match quote,POST /matches,match.create,SERVER_AUTHORITATIVE,NOT_APPLICABLE_OR_CONTRACT_DEFINED,READ_ONLY_OR_CACHED_WHERE_SAFE,NO_BLIND_RETRY; RESYNC_AUTHORITATIVE_STATE,loading | success | safe failure | timeout/unknown where applicable
DB-MATCH-019,Private room code,POST /matches/:id/cancel,room.created,SERVER_AUTHORITATIVE,NOT_APPLICABLE_OR_CONTRACT_DEFINED,READ_ONLY_OR_CACHED_WHERE_SAFE,NO_BLIND_RETRY; RESYNC_AUTHORITATIVE_STATE,loading | success | safe failure | timeout/unknown where applicable
DB-MATCH-020,Match confirmation,POST /matches/:id/confirm,match.confirm,SERVER_AUTHORITATIVE,NOT_APPLICABLE_OR_CONTRACT_DEFINED,READ_ONLY_OR_CACHED_WHERE_SAFE,NO_BLIND_RETRY; RESYNC_AUTHORITATIVE_STATE,loading | success | safe failure | timeout/unknown where applicable
DB-MATCH-021,Insufficient balance,-,wallet.insufficient,SERVER_AUTHORITATIVE,NOT_APPLICABLE_OR_CONTRACT_DEFINED,BLOCK_ACTION_AND_SHOW_LAST_VERIFIED_STATE,PRESENTATION_ONLY,loading | success | safe failure | timeout/unknown where applicable
DB-MATCH-022,Eligibility blocked,-,eligibility.blocked,CLIENT_PRESENTATION,NOT_APPLICABLE_OR_CONTRACT_DEFINED,READ_ONLY_OR_CACHED_WHERE_SAFE,PRESENTATION_ONLY,loading | success | safe failure | timeout/unknown where applicable
DB-MATCH-023,Locking stake,POST /matches/:id/lock,stake.locking,SERVER_AUTHORITATIVE,REQUIRED,BLOCK_ACTION_AND_SHOW_LAST_VERIFIED_STATE,LOOK_UP_EXISTING_OPERATION_BY_IDEMPOTENCY_KEY_BEFORE_RETRY,loading | success | safe failure | timeout/unknown where applicable
DB-MATCH-024,Waiting for opponent stake,GET /matches/:id,stake.waiting,SERVER_AUTHORITATIVE,NOT_APPLICABLE_OR_CONTRACT_DEFINED,BLOCK_ACTION_AND_SHOW_LAST_VERIFIED_STATE,SAFE_READ_RETRY_WITH_BACKOFF,loading | success | safe failure | timeout/unknown where applicable
DB-MATCH-025,Ready check,POST /matches/:id/ready,ready.check,SERVER_AUTHORITATIVE,NOT_APPLICABLE_OR_CONTRACT_DEFINED,READ_ONLY_OR_CACHED_WHERE_SAFE,NO_BLIND_RETRY; RESYNC_AUTHORITATIVE_STATE,loading | success | safe failure | timeout/unknown where applicable
DB-MATCH-026,Waiting for opponent ready,GET /matches/:id,ready.waiting,SERVER_AUTHORITATIVE,NOT_APPLICABLE_OR_CONTRACT_DEFINED,READ_ONLY_OR_CACHED_WHERE_SAFE,SAFE_READ_RETRY_WITH_BACKOFF,loading | success | safe failure | timeout/unknown where applicable
DB-MATCH-027,Ready timeout,-,ready.timeout,CLIENT_PRESENTATION,NOT_APPLICABLE_OR_CONTRACT_DEFINED,READ_ONLY_OR_CACHED_WHERE_SAFE,NO_BLIND_RETRY; RESYNC_AUTHORITATIVE_STATE,loading | success | safe failure | timeout/unknown where applicable
DB-MATCH-028,Opponent disconnected,-,prematch.disconnect,CLIENT_PRESENTATION,NOT_APPLICABLE_OR_CONTRACT_DEFINED,READ_ONLY_OR_CACHED_WHERE_SAFE,PRESENTATION_ONLY,loading | success | safe failure | timeout/unknown where applicable
DB-MATCH-029,Match found,POST /matches/:id/accept,matchmaking.found,SERVER_AUTHORITATIVE,NOT_APPLICABLE_OR_CONTRACT_DEFINED,READ_ONLY_OR_CACHED_WHERE_SAFE,NO_BLIND_RETRY; RESYNC_AUTHORITATIVE_STATE,loading | success | safe failure | timeout/unknown where applicable
DB-GAME-001,Match room,GET /matches/:id,match.room,SERVER_AUTHORITATIVE,NOT_APPLICABLE_OR_CONTRACT_DEFINED,BLOCK_ACTION_AND_SHOW_LAST_VERIFIED_STATE,SAFE_READ_RETRY_WITH_BACKOFF,loading | success | safe failure | timeout/unknown where applicable
DB-GAME-002,Live match,SOCKET match:state,game.turn.self,SERVER_AUTHORITATIVE,NOT_APPLICABLE_OR_CONTRACT_DEFINED,BLOCK_ACTION_AND_SHOW_LAST_VERIFIED_STATE,NO_BLIND_RETRY; RESYNC_AUTHORITATIVE_STATE,loading | success | safe failure | timeout/unknown where applicable
DB-GAME-003,Move selection,-,game.select,SERVER_AUTHORITATIVE,NOT_APPLICABLE_OR_CONTRACT_DEFINED,BLOCK_ACTION_AND_SHOW_LAST_VERIFIED_STATE,PRESENTATION_ONLY,loading | success | safe failure | timeout/unknown where applicable
DB-GAME-004,Mandatory capture,-,game.capture.required,SERVER_AUTHORITATIVE,NOT_APPLICABLE_OR_CONTRACT_DEFINED,BLOCK_ACTION_AND_SHOW_LAST_VERIFIED_STATE,PRESENTATION_ONLY,loading | success | safe failure | timeout/unknown where applicable
DB-GAME-005,Multi-capture,-,game.capture.chain,SERVER_AUTHORITATIVE,NOT_APPLICABLE_OR_CONTRACT_DEFINED,BLOCK_ACTION_AND_SHOW_LAST_VERIFIED_STATE,PRESENTATION_ONLY,loading | success | safe failure | timeout/unknown where applicable
DB-GAME-006,King promotion,-,game.king.promoted,SERVER_AUTHORITATIVE,NOT_APPLICABLE_OR_CONTRACT_DEFINED,BLOCK_ACTION_AND_SHOW_LAST_VERIFIED_STATE,PRESENTATION_ONLY,loading | success | safe failure | timeout/unknown where applicable
DB-GAME-007,Opponent thinking,-,game.turn.opponent,SERVER_AUTHORITATIVE,NOT_APPLICABLE_OR_CONTRACT_DEFINED,BLOCK_ACTION_AND_SHOW_LAST_VERIFIED_STATE,PRESENTATION_ONLY,loading | success | safe failure | timeout/unknown where applicable
DB-GAME-008,Illegal move,-,game.move.rejected,SERVER_AUTHORITATIVE,NOT_APPLICABLE_OR_CONTRACT_DEFINED,BLOCK_ACTION_AND_SHOW_LAST_VERIFIED_STATE,NO_BLIND_RETRY; RESYNC_AUTHORITATIVE_STATE,loading | success | safe failure | timeout/unknown where applicable
DB-GAME-009,Draw offer received,SOCKET draw:respond,draw.received,SERVER_AUTHORITATIVE,NOT_APPLICABLE_OR_CONTRACT_DEFINED,BLOCK_ACTION_AND_SHOW_LAST_VERIFIED_STATE,NO_BLIND_RETRY; RESYNC_AUTHORITATIVE_STATE,loading | success | safe failure | timeout/unknown where applicable
DB-GAME-010,Offer a draw,SOCKET draw:offer,draw.offer,SERVER_AUTHORITATIVE,NOT_APPLICABLE_OR_CONTRACT_DEFINED,BLOCK_ACTION_AND_SHOW_LAST_VERIFIED_STATE,NO_BLIND_RETRY; RESYNC_AUTHORITATIVE_STATE,loading | success | safe failure | timeout/unknown where applicable
DB-GAME-011,Draw rejected,-,draw.rejected,SERVER_AUTHORITATIVE,NOT_APPLICABLE_OR_CONTRACT_DEFINED,BLOCK_ACTION_AND_SHOW_LAST_VERIFIED_STATE,PRESENTATION_ONLY,loading | success | safe failure | timeout/unknown where applicable
DB-GAME-012,Resign match,SOCKET match:resign,game.resign,SERVER_AUTHORITATIVE,NOT_APPLICABLE_OR_CONTRACT_DEFINED,BLOCK_ACTION_AND_SHOW_LAST_VERIFIED_STATE,NO_BLIND_RETRY; RESYNC_AUTHORITATIVE_STATE,loading | success | safe failure | timeout/unknown where applicable
DB-GAME-013,Connection lost,-,socket.offline,SERVER_AUTHORITATIVE,NOT_APPLICABLE_OR_CONTRACT_DEFINED,BLOCK_ACTION_AND_SHOW_LAST_VERIFIED_STATE,PRESENTATION_ONLY,loading | success | safe failure | timeout/unknown where applicable
DB-GAME-014,Reconnecting,-,socket.reconnecting,SERVER_AUTHORITATIVE,NOT_APPLICABLE_OR_CONTRACT_DEFINED,BLOCK_ACTION_AND_SHOW_LAST_VERIFIED_STATE,PRESENTATION_ONLY,loading | success | safe failure | timeout/unknown where applicable
DB-GAME-015,State resync,SOCKET match:resync,game.resync,SERVER_AUTHORITATIVE,NOT_APPLICABLE_OR_CONTRACT_DEFINED,BLOCK_ACTION_AND_SHOW_LAST_VERIFIED_STATE,NO_BLIND_RETRY; RESYNC_AUTHORITATIVE_STATE,loading | success | safe failure | timeout/unknown where applicable
DB-GAME-016,App resumed,-,app.resume.resync,SERVER_AUTHORITATIVE,NOT_APPLICABLE_OR_CONTRACT_DEFINED,BLOCK_ACTION_AND_SHOW_LAST_VERIFIED_STATE,PRESENTATION_ONLY,loading | success | safe failure | timeout/unknown where applicable
DB-GAME-017,Low time warning,-,clock.low,SERVER_AUTHORITATIVE,NOT_APPLICABLE_OR_CONTRACT_DEFINED,BLOCK_ACTION_AND_SHOW_LAST_VERIFIED_STATE,PRESENTATION_ONLY,loading | success | safe failure | timeout/unknown where applicable
DB-GAME-018,Timeout imminent,-,clock.critical,SERVER_AUTHORITATIVE,NOT_APPLICABLE_OR_CONTRACT_DEFINED,BLOCK_ACTION_AND_SHOW_LAST_VERIFIED_STATE,PRESENTATION_ONLY,loading | success | safe failure | timeout/unknown where applicable
DB-GAME-019,Match chat,-,chat.open,SERVER_AUTHORITATIVE,NOT_APPLICABLE_OR_CONTRACT_DEFINED,BLOCK_ACTION_AND_SHOW_LAST_VERIFIED_STATE,PRESENTATION_ONLY,loading | success | safe failure | timeout/unknown where applicable
DB-GAME-020,Match menu,-,match.menu,SERVER_AUTHORITATIVE,NOT_APPLICABLE_OR_CONTRACT_DEFINED,BLOCK_ACTION_AND_SHOW_LAST_VERIFIED_STATE,PRESENTATION_ONLY,loading | success | safe failure | timeout/unknown where applicable
DB-RESULT-001,Victory,-,result.win,SERVER_AUTHORITATIVE,NOT_APPLICABLE_OR_CONTRACT_DEFINED,BLOCK_ACTION_AND_SHOW_LAST_VERIFIED_STATE,PRESENTATION_ONLY,loading | success | safe failure | timeout/unknown where applicable
DB-RESULT-002,Defeat,-,result.loss,SERVER_AUTHORITATIVE,NOT_APPLICABLE_OR_CONTRACT_DEFINED,BLOCK_ACTION_AND_SHOW_LAST_VERIFIED_STATE,PRESENTATION_ONLY,loading | success | safe failure | timeout/unknown where applicable
DB-RESULT-003,Draw result,-,result.draw,SERVER_AUTHORITATIVE,NOT_APPLICABLE_OR_CONTRACT_DEFINED,BLOCK_ACTION_AND_SHOW_LAST_VERIFIED_STATE,PRESENTATION_ONLY,loading | success | safe failure | timeout/unknown where applicable
DB-RESULT-004,Timeout result,-,result.timeout,SERVER_AUTHORITATIVE,NOT_APPLICABLE_OR_CONTRACT_DEFINED,BLOCK_ACTION_AND_SHOW_LAST_VERIFIED_STATE,PRESENTATION_ONLY,loading | success | safe failure | timeout/unknown where applicable
DB-RESULT-005,Resignation result,-,result.resign,SERVER_AUTHORITATIVE,REQUIRED,BLOCK_ACTION_AND_SHOW_LAST_VERIFIED_STATE,LOOK_UP_EXISTING_OPERATION_BY_IDEMPOTENCY_KEY_BEFORE_RETRY,loading | success | safe failure | timeout/unknown where applicable
DB-RESULT-006,Disconnect forfeit,-,result.disconnect,SERVER_AUTHORITATIVE,NOT_APPLICABLE_OR_CONTRACT_DEFINED,BLOCK_ACTION_AND_SHOW_LAST_VERIFIED_STATE,PRESENTATION_ONLY,loading | success | safe failure | timeout/unknown where applicable
DB-RESULT-007,System-cancelled match,-,result.cancelled,SERVER_AUTHORITATIVE,NOT_APPLICABLE_OR_CONTRACT_DEFINED,BLOCK_ACTION_AND_SHOW_LAST_VERIFIED_STATE,PRESENTATION_ONLY,loading | success | safe failure | timeout/unknown where applicable
DB-RESULT-008,Settlement processing,GET /settlements/:id,settlement.processing,SERVER_AUTHORITATIVE,NOT_APPLICABLE_OR_CONTRACT_DEFINED,BLOCK_ACTION_AND_SHOW_LAST_VERIFIED_STATE,SAFE_READ_RETRY_WITH_BACKOFF,loading | success | safe failure | timeout/unknown where applicable
DB-RESULT-009,Settlement complete,-,settlement.complete,SERVER_AUTHORITATIVE,NOT_APPLICABLE_OR_CONTRACT_DEFINED,BLOCK_ACTION_AND_SHOW_LAST_VERIFIED_STATE,PRESENTATION_ONLY,loading | success | safe failure | timeout/unknown where applicable
DB-RESULT-010,Settlement delayed,-,settlement.delayed,SERVER_AUTHORITATIVE,NOT_APPLICABLE_OR_CONTRACT_DEFINED,BLOCK_ACTION_AND_SHOW_LAST_VERIFIED_STATE,PRESENTATION_ONLY,loading | success | safe failure | timeout/unknown where applicable
DB-RESULT-011,Match receipt,GET /matches/:id/receipt,receipt.open,SERVER_AUTHORITATIVE,NOT_APPLICABLE_OR_CONTRACT_DEFINED,BLOCK_ACTION_AND_SHOW_LAST_VERIFIED_STATE,SAFE_READ_RETRY_WITH_BACKOFF,loading | success | safe failure | timeout/unknown where applicable
DB-RESULT-012,Share result,-,result.share,SERVER_AUTHORITATIVE,NOT_APPLICABLE_OR_CONTRACT_DEFINED,BLOCK_ACTION_AND_SHOW_LAST_VERIFIED_STATE,PRESENTATION_ONLY,loading | success | safe failure | timeout/unknown where applicable
DB-WALLET-001,Wallet,GET /wallet,wallet.loaded,SERVER_AUTHORITATIVE,NOT_APPLICABLE_OR_CONTRACT_DEFINED,BLOCK_ACTION_AND_SHOW_LAST_VERIFIED_STATE,SAFE_READ_RETRY_WITH_BACKOFF,loading | success | safe failure | timeout/unknown where applicable
DB-WALLET-002,Add money,POST /deposits/quote,deposit.quote,SERVER_AUTHORITATIVE,REQUIRED,BLOCK_ACTION_AND_SHOW_LAST_VERIFIED_STATE,LOOK_UP_EXISTING_OPERATION_BY_IDEMPOTENCY_KEY_BEFORE_RETRY,loading | success | safe failure | timeout/unknown where applicable
DB-WALLET-003,Payment method,-,deposit.provider,SERVER_AUTHORITATIVE,NOT_APPLICABLE_OR_CONTRACT_DEFINED,BLOCK_ACTION_AND_SHOW_LAST_VERIFIED_STATE,PRESENTATION_ONLY,loading | success | safe failure | timeout/unknown where applicable
DB-WALLET-004,Hosted checkout,-,deposit.checkout,SERVER_AUTHORITATIVE,NOT_APPLICABLE_OR_CONTRACT_DEFINED,BLOCK_ACTION_AND_SHOW_LAST_VERIFIED_STATE,PRESENTATION_ONLY,loading | success | safe failure | timeout/unknown where applicable
DB-WALLET-005,Deposit processing,GET /deposits/:id,deposit.processing,SERVER_AUTHORITATIVE,NOT_APPLICABLE_OR_CONTRACT_DEFINED,BLOCK_ACTION_AND_SHOW_LAST_VERIFIED_STATE,SAFE_READ_RETRY_WITH_BACKOFF,loading | success | safe failure | timeout/unknown where applicable
DB-WALLET-006,Deposit successful,-,deposit.success,SERVER_AUTHORITATIVE,NOT_APPLICABLE_OR_CONTRACT_DEFINED,BLOCK_ACTION_AND_SHOW_LAST_VERIFIED_STATE,PRESENTATION_ONLY,loading | success | safe failure | timeout/unknown where applicable
DB-WALLET-007,Deposit failed,-,deposit.failed,SERVER_AUTHORITATIVE,NOT_APPLICABLE_OR_CONTRACT_DEFINED,BLOCK_ACTION_AND_SHOW_LAST_VERIFIED_STATE,PRESENTATION_ONLY,loading | success | safe failure | timeout/unknown where applicable
DB-WALLET-008,Deposit pending,-,deposit.pending,SERVER_AUTHORITATIVE,NOT_APPLICABLE_OR_CONTRACT_DEFINED,BLOCK_ACTION_AND_SHOW_LAST_VERIFIED_STATE,PRESENTATION_ONLY,loading | success | safe failure | timeout/unknown where applicable
DB-WALLET-009,Transaction history,GET /wallet/transactions,transactions.loaded,SERVER_AUTHORITATIVE,NOT_APPLICABLE_OR_CONTRACT_DEFINED,BLOCK_ACTION_AND_SHOW_LAST_VERIFIED_STATE,SAFE_READ_RETRY_WITH_BACKOFF,loading | success | safe failure | timeout/unknown where applicable
DB-WALLET-010,Transaction filters,-,transactions.filter,SERVER_AUTHORITATIVE,NOT_APPLICABLE_OR_CONTRACT_DEFINED,BLOCK_ACTION_AND_SHOW_LAST_VERIFIED_STATE,PRESENTATION_ONLY,loading | success | safe failure | timeout/unknown where applicable
DB-WALLET-011,Deposit details,-,transaction.deposit,SERVER_AUTHORITATIVE,NOT_APPLICABLE_OR_CONTRACT_DEFINED,BLOCK_ACTION_AND_SHOW_LAST_VERIFIED_STATE,PRESENTATION_ONLY,loading | success | safe failure | timeout/unknown where applicable
DB-WALLET-012,Stake details,-,transaction.stake,SERVER_AUTHORITATIVE,NOT_APPLICABLE_OR_CONTRACT_DEFINED,BLOCK_ACTION_AND_SHOW_LAST_VERIFIED_STATE,PRESENTATION_ONLY,loading | success | safe failure | timeout/unknown where applicable
DB-WALLET-013,Payout details,-,transaction.payout,SERVER_AUTHORITATIVE,NOT_APPLICABLE_OR_CONTRACT_DEFINED,BLOCK_ACTION_AND_SHOW_LAST_VERIFIED_STATE,PRESENTATION_ONLY,loading | success | safe failure | timeout/unknown where applicable
DB-WALLET-014,Locked funds,-,wallet.locked,SERVER_AUTHORITATIVE,NOT_APPLICABLE_OR_CONTRACT_DEFINED,BLOCK_ACTION_AND_SHOW_LAST_VERIFIED_STATE,PRESENTATION_ONLY,loading | success | safe failure | timeout/unknown where applicable
DB-WALLET-015,Wallet unavailable,-,wallet.error,SERVER_AUTHORITATIVE,NOT_APPLICABLE_OR_CONTRACT_DEFINED,BLOCK_ACTION_AND_SHOW_LAST_VERIFIED_STATE,PRESENTATION_ONLY,loading | success | safe failure | timeout/unknown where applicable
DB-WITHDRAW-001,Withdraw money,POST /withdrawals/quote,withdrawal.quote,SERVER_AUTHORITATIVE,REQUIRED,BLOCK_ACTION_AND_SHOW_LAST_VERIFIED_STATE,LOOK_UP_EXISTING_OPERATION_BY_IDEMPOTENCY_KEY_BEFORE_RETRY,loading | success | safe failure | timeout/unknown where applicable
DB-WITHDRAW-002,Select bank account,-,bank.select,SERVER_AUTHORITATIVE,NOT_APPLICABLE_OR_CONTRACT_DEFINED,BLOCK_ACTION_AND_SHOW_LAST_VERIFIED_STATE,PRESENTATION_ONLY,loading | success | safe failure | timeout/unknown where applicable
DB-WITHDRAW-003,Add bank account,POST /bank-accounts/verify,bank.verify,SERVER_AUTHORITATIVE,REQUIRED,BLOCK_ACTION_AND_SHOW_LAST_VERIFIED_STATE,LOOK_UP_EXISTING_OPERATION_BY_IDEMPOTENCY_KEY_BEFORE_RETRY,loading | success | safe failure | timeout/unknown where applicable
DB-WITHDRAW-004,Verifying bank account,-,bank.verifying,SERVER_AUTHORITATIVE,NOT_APPLICABLE_OR_CONTRACT_DEFINED,BLOCK_ACTION_AND_SHOW_LAST_VERIFIED_STATE,PRESENTATION_ONLY,loading | success | safe failure | timeout/unknown where applicable
DB-WITHDRAW-005,Withdrawal review,POST /withdrawals,withdrawal.create,SERVER_AUTHORITATIVE,REQUIRED,BLOCK_ACTION_AND_SHOW_LAST_VERIFIED_STATE,LOOK_UP_EXISTING_OPERATION_BY_IDEMPOTENCY_KEY_BEFORE_RETRY,loading | success | safe failure | timeout/unknown where applicable
DB-WITHDRAW-006,Verification required,-,withdrawal.kyc_required,SERVER_AUTHORITATIVE,NOT_APPLICABLE_OR_CONTRACT_DEFINED,BLOCK_ACTION_AND_SHOW_LAST_VERIFIED_STATE,PRESENTATION_ONLY,loading | success | safe failure | timeout/unknown where applicable
DB-WITHDRAW-007,Withdrawal pending review,-,withdrawal.review,SERVER_AUTHORITATIVE,NOT_APPLICABLE_OR_CONTRACT_DEFINED,BLOCK_ACTION_AND_SHOW_LAST_VERIFIED_STATE,PRESENTATION_ONLY,loading | success | safe failure | timeout/unknown where applicable
DB-WITHDRAW-008,Withdrawal processing,-,withdrawal.processing,SERVER_AUTHORITATIVE,NOT_APPLICABLE_OR_CONTRACT_DEFINED,BLOCK_ACTION_AND_SHOW_LAST_VERIFIED_STATE,PRESENTATION_ONLY,loading | success | safe failure | timeout/unknown where applicable
DB-WITHDRAW-009,Withdrawal successful,-,withdrawal.success,SERVER_AUTHORITATIVE,NOT_APPLICABLE_OR_CONTRACT_DEFINED,BLOCK_ACTION_AND_SHOW_LAST_VERIFIED_STATE,PRESENTATION_ONLY,loading | success | safe failure | timeout/unknown where applicable
DB-WITHDRAW-010,Withdrawal reversed,-,withdrawal.reversed,SERVER_AUTHORITATIVE,NOT_APPLICABLE_OR_CONTRACT_DEFINED,BLOCK_ACTION_AND_SHOW_LAST_VERIFIED_STATE,PRESENTATION_ONLY,loading | success | safe failure | timeout/unknown where applicable
DB-WITHDRAW-011,Withdrawal limit reached,-,withdrawal.limit,SERVER_AUTHORITATIVE,NOT_APPLICABLE_OR_CONTRACT_DEFINED,BLOCK_ACTION_AND_SHOW_LAST_VERIFIED_STATE,PRESENTATION_ONLY,loading | success | safe failure | timeout/unknown where applicable
DB-KYC-001,Verify your identity,POST /kyc/sessions,kyc.start,SERVER_AUTHORITATIVE,NOT_APPLICABLE_OR_CONTRACT_DEFINED,READ_ONLY_OR_CACHED_WHERE_SAFE,NO_BLIND_RETRY; RESYNC_AUTHORITATIVE_STATE,loading | success | safe failure | timeout/unknown where applicable
DB-KYC-002,Personal details,-,kyc.details,SERVER_AUTHORITATIVE,NOT_APPLICABLE_OR_CONTRACT_DEFINED,READ_ONLY_OR_CACHED_WHERE_SAFE,PRESENTATION_ONLY,loading | success | safe failure | timeout/unknown where applicable
DB-KYC-003,Select ID type,-,kyc.id_type,SERVER_AUTHORITATIVE,NOT_APPLICABLE_OR_CONTRACT_DEFINED,READ_ONLY_OR_CACHED_WHERE_SAFE,PRESENTATION_ONLY,loading | success | safe failure | timeout/unknown where applicable
DB-KYC-004,Capture ID front,-,kyc.document.front,SERVER_AUTHORITATIVE,NOT_APPLICABLE_OR_CONTRACT_DEFINED,READ_ONLY_OR_CACHED_WHERE_SAFE,PRESENTATION_ONLY,loading | success | safe failure | timeout/unknown where applicable
DB-KYC-005,Capture ID back,-,kyc.document.back,SERVER_AUTHORITATIVE,NOT_APPLICABLE_OR_CONTRACT_DEFINED,READ_ONLY_OR_CACHED_WHERE_SAFE,PRESENTATION_ONLY,loading | success | safe failure | timeout/unknown where applicable
DB-KYC-006,Selfie check,-,kyc.liveness,SERVER_AUTHORITATIVE,NOT_APPLICABLE_OR_CONTRACT_DEFINED,READ_ONLY_OR_CACHED_WHERE_SAFE,PRESENTATION_ONLY,loading | success | safe failure | timeout/unknown where applicable
DB-KYC-007,Verification processing,GET /kyc/status,kyc.processing,SERVER_AUTHORITATIVE,NOT_APPLICABLE_OR_CONTRACT_DEFINED,READ_ONLY_OR_CACHED_WHERE_SAFE,SAFE_READ_RETRY_WITH_BACKOFF,loading | success | safe failure | timeout/unknown where applicable
DB-KYC-008,Identity verified,-,kyc.verified,SERVER_AUTHORITATIVE,NOT_APPLICABLE_OR_CONTRACT_DEFINED,READ_ONLY_OR_CACHED_WHERE_SAFE,PRESENTATION_ONLY,loading | success | safe failure | timeout/unknown where applicable
DB-KYC-009,Verification rejected,-,kyc.rejected,SERVER_AUTHORITATIVE,NOT_APPLICABLE_OR_CONTRACT_DEFINED,READ_ONLY_OR_CACHED_WHERE_SAFE,PRESENTATION_ONLY,loading | success | safe failure | timeout/unknown where applicable
DB-KYC-010,Verification expired,-,kyc.expired,SERVER_AUTHORITATIVE,NOT_APPLICABLE_OR_CONTRACT_DEFINED,READ_ONLY_OR_CACHED_WHERE_SAFE,PRESENTATION_ONLY,loading | success | safe failure | timeout/unknown where applicable
DB-ACCOUNT-001,Match history,GET /matches/history,history.loaded,SERVER_AUTHORITATIVE,NOT_APPLICABLE_OR_CONTRACT_DEFINED,READ_ONLY_OR_CACHED_WHERE_SAFE,SAFE_READ_RETRY_WITH_BACKOFF,loading | success | safe failure | timeout/unknown where applicable
DB-ACCOUNT-002,No match history,-,history.empty,CLIENT_PRESENTATION,NOT_APPLICABLE_OR_CONTRACT_DEFINED,READ_ONLY_OR_CACHED_WHERE_SAFE,PRESENTATION_ONLY,loading | success | safe failure | timeout/unknown where applicable
DB-ACCOUNT-003,Match details,-,match.history.detail,CLIENT_PRESENTATION,NOT_APPLICABLE_OR_CONTRACT_DEFINED,READ_ONLY_OR_CACHED_WHERE_SAFE,PRESENTATION_ONLY,loading | success | safe failure | timeout/unknown where applicable
DB-ACCOUNT-004,Move history,GET /matches/:id/moves,moves.loaded,SERVER_AUTHORITATIVE,NOT_APPLICABLE_OR_CONTRACT_DEFINED,READ_ONLY_OR_CACHED_WHERE_SAFE,SAFE_READ_RETRY_WITH_BACKOFF,loading | success | safe failure | timeout/unknown where applicable
DB-ACCOUNT-005,Report match,-,dispute.start,CLIENT_PRESENTATION,NOT_APPLICABLE_OR_CONTRACT_DEFINED,READ_ONLY_OR_CACHED_WHERE_SAFE,PRESENTATION_ONLY,loading | success | safe failure | timeout/unknown where applicable
DB-ACCOUNT-006,Dispute reason,-,dispute.reason,CLIENT_PRESENTATION,NOT_APPLICABLE_OR_CONTRACT_DEFINED,READ_ONLY_OR_CACHED_WHERE_SAFE,PRESENTATION_ONLY,loading | success | safe failure | timeout/unknown where applicable
DB-ACCOUNT-007,Add evidence,POST /disputes,dispute.submit,SERVER_AUTHORITATIVE,NOT_APPLICABLE_OR_CONTRACT_DEFINED,READ_ONLY_OR_CACHED_WHERE_SAFE,NO_BLIND_RETRY; RESYNC_AUTHORITATIVE_STATE,loading | success | safe failure | timeout/unknown where applicable
DB-ACCOUNT-008,Dispute submitted,-,dispute.created,CLIENT_PRESENTATION,NOT_APPLICABLE_OR_CONTRACT_DEFINED,READ_ONLY_OR_CACHED_WHERE_SAFE,PRESENTATION_ONLY,loading | success | safe failure | timeout/unknown where applicable
DB-ACCOUNT-009,Dispute status,GET /disputes/:id,dispute.status,SERVER_AUTHORITATIVE,NOT_APPLICABLE_OR_CONTRACT_DEFINED,READ_ONLY_OR_CACHED_WHERE_SAFE,SAFE_READ_RETRY_WITH_BACKOFF,loading | success | safe failure | timeout/unknown where applicable
DB-ACCOUNT-010,Notifications,GET /notifications,notifications.loaded,SERVER_AUTHORITATIVE,NOT_APPLICABLE_OR_CONTRACT_DEFINED,READ_ONLY_OR_CACHED_WHERE_SAFE,SAFE_READ_RETRY_WITH_BACKOFF,loading | success | safe failure | timeout/unknown where applicable
DB-ACCOUNT-011,No notifications,-,notifications.empty,CLIENT_PRESENTATION,NOT_APPLICABLE_OR_CONTRACT_DEFINED,READ_ONLY_OR_CACHED_WHERE_SAFE,PRESENTATION_ONLY,loading | success | safe failure | timeout/unknown where applicable
DB-ACCOUNT-012,Notification details,-,notification.open,CLIENT_PRESENTATION,NOT_APPLICABLE_OR_CONTRACT_DEFINED,READ_ONLY_OR_CACHED_WHERE_SAFE,PRESENTATION_ONLY,loading | success | safe failure | timeout/unknown where applicable
DB-ACCOUNT-013,Profile,GET /me,profile.loaded,SERVER_AUTHORITATIVE,NOT_APPLICABLE_OR_CONTRACT_DEFINED,READ_ONLY_OR_CACHED_WHERE_SAFE,SAFE_READ_RETRY_WITH_BACKOFF,loading | success | safe failure | timeout/unknown where applicable
DB-ACCOUNT-014,Player statistics,GET /me/stats,stats.loaded,SERVER_AUTHORITATIVE,NOT_APPLICABLE_OR_CONTRACT_DEFINED,READ_ONLY_OR_CACHED_WHERE_SAFE,SAFE_READ_RETRY_WITH_BACKOFF,loading | success | safe failure | timeout/unknown where applicable
DB-ACCOUNT-015,Edit profile,PATCH /me,profile.update,SERVER_AUTHORITATIVE,NOT_APPLICABLE_OR_CONTRACT_DEFINED,READ_ONLY_OR_CACHED_WHERE_SAFE,NO_BLIND_RETRY; RESYNC_AUTHORITATIVE_STATE,loading | success | safe failure | timeout/unknown where applicable
DB-ACCOUNT-016,Settings,-,settings.loaded,CLIENT_PRESENTATION,NOT_APPLICABLE_OR_CONTRACT_DEFINED,READ_ONLY_OR_CACHED_WHERE_SAFE,PRESENTATION_ONLY,loading | success | safe failure | timeout/unknown where applicable
DB-ACCOUNT-017,Security & devices,GET /security/sessions,security.loaded,SERVER_AUTHORITATIVE,NOT_APPLICABLE_OR_CONTRACT_DEFINED,READ_ONLY_OR_CACHED_WHERE_SAFE,SAFE_READ_RETRY_WITH_BACKOFF,loading | success | safe failure | timeout/unknown where applicable
DB-ACCOUNT-018,Change password,POST /auth/password/change,password.change,SERVER_AUTHORITATIVE,NOT_APPLICABLE_OR_CONTRACT_DEFINED,READ_ONLY_OR_CACHED_WHERE_SAFE,NO_BLIND_RETRY; RESYNC_AUTHORITATIVE_STATE,loading | success | safe failure | timeout/unknown where applicable
DB-ACCOUNT-019,Notification preferences,-,preferences.notifications,CLIENT_PRESENTATION,NOT_APPLICABLE_OR_CONTRACT_DEFINED,READ_ONLY_OR_CACHED_WHERE_SAFE,PRESENTATION_ONLY,loading | success | safe failure | timeout/unknown where applicable
DB-ACCOUNT-020,Saved bank accounts,GET /bank-accounts,banks.loaded,SERVER_AUTHORITATIVE,NOT_APPLICABLE_OR_CONTRACT_DEFINED,BLOCK_ACTION_AND_SHOW_LAST_VERIFIED_STATE,SAFE_READ_RETRY_WITH_BACKOFF,loading | success | safe failure | timeout/unknown where applicable
DB-SYSTEM-001,Safer play,-,safer_play.loaded,CLIENT_PRESENTATION,NOT_APPLICABLE_OR_CONTRACT_DEFINED,READ_ONLY_OR_CACHED_WHERE_SAFE,PRESENTATION_ONLY,loading | success | safe failure | timeout/unknown where applicable
DB-SYSTEM-002,Deposit limits,-,limit.deposit,SERVER_AUTHORITATIVE,NOT_APPLICABLE_OR_CONTRACT_DEFINED,BLOCK_ACTION_AND_SHOW_LAST_VERIFIED_STATE,PRESENTATION_ONLY,loading | success | safe failure | timeout/unknown where applicable
DB-SYSTEM-003,Stake limits,-,limit.stake,SERVER_AUTHORITATIVE,NOT_APPLICABLE_OR_CONTRACT_DEFINED,BLOCK_ACTION_AND_SHOW_LAST_VERIFIED_STATE,PRESENTATION_ONLY,loading | success | safe failure | timeout/unknown where applicable
DB-SYSTEM-004,Take a break,-,timeout.start,CLIENT_PRESENTATION,NOT_APPLICABLE_OR_CONTRACT_DEFINED,READ_ONLY_OR_CACHED_WHERE_SAFE,PRESENTATION_ONLY,loading | success | safe failure | timeout/unknown where applicable
DB-SYSTEM-005,Self-exclusion,-,exclusion.start,CLIENT_PRESENTATION,NOT_APPLICABLE_OR_CONTRACT_DEFINED,READ_ONLY_OR_CACHED_WHERE_SAFE,PRESENTATION_ONLY,loading | success | safe failure | timeout/unknown where applicable
DB-SYSTEM-006,Limit confirmed,-,limit.confirmed,CLIENT_PRESENTATION,NOT_APPLICABLE_OR_CONTRACT_DEFINED,READ_ONLY_OR_CACHED_WHERE_SAFE,PRESENTATION_ONLY,loading | success | safe failure | timeout/unknown where applicable
DB-SYSTEM-007,Help centre,-,help.loaded,CLIENT_PRESENTATION,NOT_APPLICABLE_OR_CONTRACT_DEFINED,READ_ONLY_OR_CACHED_WHERE_SAFE,PRESENTATION_ONLY,loading | success | safe failure | timeout/unknown where applicable
DB-SYSTEM-008,Support category,-,support.category,CLIENT_PRESENTATION,NOT_APPLICABLE_OR_CONTRACT_DEFINED,READ_ONLY_OR_CACHED_WHERE_SAFE,PRESENTATION_ONLY,loading | success | safe failure | timeout/unknown where applicable
DB-SYSTEM-009,Create support ticket,POST /support/tickets,support.submit,SERVER_AUTHORITATIVE,NOT_APPLICABLE_OR_CONTRACT_DEFINED,READ_ONLY_OR_CACHED_WHERE_SAFE,NO_BLIND_RETRY; RESYNC_AUTHORITATIVE_STATE,loading | success | safe failure | timeout/unknown where applicable
DB-SYSTEM-010,Ticket submitted,-,support.created,CLIENT_PRESENTATION,NOT_APPLICABLE_OR_CONTRACT_DEFINED,READ_ONLY_OR_CACHED_WHERE_SAFE,PRESENTATION_ONLY,loading | success | safe failure | timeout/unknown where applicable
DB-SYSTEM-011,Terms & conditions,-,legal.terms,CLIENT_PRESENTATION,NOT_APPLICABLE_OR_CONTRACT_DEFINED,READ_ONLY_OR_CACHED_WHERE_SAFE,PRESENTATION_ONLY,loading | success | safe failure | timeout/unknown where applicable
DB-SYSTEM-012,Privacy notice,-,legal.privacy,CLIENT_PRESENTATION,NOT_APPLICABLE_OR_CONTRACT_DEFINED,READ_ONLY_OR_CACHED_WHERE_SAFE,PRESENTATION_ONLY,loading | success | safe failure | timeout/unknown where applicable
DB-SYSTEM-013,Responsible gaming,-,legal.safer_play,CLIENT_PRESENTATION,NOT_APPLICABLE_OR_CONTRACT_DEFINED,READ_ONLY_OR_CACHED_WHERE_SAFE,PRESENTATION_ONLY,loading | success | safe failure | timeout/unknown where applicable
DB-SYSTEM-014,About Draught Bet,-,about.open,CLIENT_PRESENTATION,NOT_APPLICABLE_OR_CONTRACT_DEFINED,READ_ONLY_OR_CACHED_WHERE_SAFE,PRESENTATION_ONLY,loading | success | safe failure | timeout/unknown where applicable
DB-SYSTEM-015,Session expired,-,session.expired,CLIENT_PRESENTATION,NOT_APPLICABLE_OR_CONTRACT_DEFINED,READ_ONLY_OR_CACHED_WHERE_SAFE,PRESENTATION_ONLY,loading | success | safe failure | timeout/unknown where applicable
DB-SYSTEM-016,Account restricted,-,account.restricted,CLIENT_PRESENTATION,NOT_APPLICABLE_OR_CONTRACT_DEFINED,READ_ONLY_OR_CACHED_WHERE_SAFE,PRESENTATION_ONLY,loading | success | safe failure | timeout/unknown where applicable
DB-SYSTEM-017,Scheduled maintenance,-,maintenance.active,CLIENT_PRESENTATION,NOT_APPLICABLE_OR_CONTRACT_DEFINED,READ_ONLY_OR_CACHED_WHERE_SAFE,PRESENTATION_ONLY,loading | success | safe failure | timeout/unknown where applicable
DB-SYSTEM-018,No internet,-,network.offline,CLIENT_PRESENTATION,NOT_APPLICABLE_OR_CONTRACT_DEFINED,READ_ONLY_OR_CACHED_WHERE_SAFE,PRESENTATION_ONLY,loading | success | safe failure | timeout/unknown where applicable
DB-SYSTEM-019,Update required,-,app.force_update,CLIENT_PRESENTATION,NOT_APPLICABLE_OR_CONTRACT_DEFINED,READ_ONLY_OR_CACHED_WHERE_SAFE,PRESENTATION_ONLY,loading | success | safe failure | timeout/unknown where applicable
DB-SYSTEM-020,Something went wrong,-,error.generic,CLIENT_PRESENTATION,NOT_APPLICABLE_OR_CONTRACT_DEFINED,READ_ONLY_OR_CACHED_WHERE_SAFE,PRESENTATION_ONLY,loading | success | safe failure | timeout/unknown where applicable
DB-SYSTEM-021,Camera permission,-,permission.camera,CLIENT_PRESENTATION,NOT_APPLICABLE_OR_CONTRACT_DEFINED,READ_ONLY_OR_CACHED_WHERE_SAFE,PRESENTATION_ONLY,loading | success | safe failure | timeout/unknown where applicable
DB-SYSTEM-022,Notification permission,-,permission.notifications,CLIENT_PRESENTATION,NOT_APPLICABLE_OR_CONTRACT_DEFINED,READ_ONLY_OR_CACHED_WHERE_SAFE,PRESENTATION_ONLY,loading | success | safe failure | timeout/unknown where applicable
DB-SYSTEM-023,Sign out,-,auth.logout,CLIENT_PRESENTATION,NOT_APPLICABLE_OR_CONTRACT_DEFINED,READ_ONLY_OR_CACHED_WHERE_SAFE,PRESENTATION_ONLY,loading | success | safe failure | timeout/unknown where applicable
DB-SYSTEM-024,Delete account,-,account.delete.start,CLIENT_PRESENTATION,NOT_APPLICABLE_OR_CONTRACT_DEFINED,READ_ONLY_OR_CACHED_WHERE_SAFE,PRESENTATION_ONLY,loading | success | safe failure | timeout/unknown where applicable
DB-SYSTEM-025,Verify account deletion,-,account.delete.verify,CLIENT_PRESENTATION,NOT_APPLICABLE_OR_CONTRACT_DEFINED,READ_ONLY_OR_CACHED_WHERE_SAFE,PRESENTATION_ONLY,loading | success | safe failure | timeout/unknown where applicable
DB-SYSTEM-026,Deletion scheduled,-,account.delete.scheduled,CLIENT_PRESENTATION,NOT_APPLICABLE_OR_CONTRACT_DEFINED,READ_ONLY_OR_CACHED_WHERE_SAFE,PRESENTATION_ONLY,loading | success | safe failure | timeout/unknown where applicable
