screen_id,title,section,phase,implementation,api_contract,widget_test,accessibility,visual_qa,product_approval,notes
DB-AUTH-001,Splash,Auth & onboarding,PHASE_1_MVP,NOT_STARTED,N/A,NOT_STARTED,NOT_STARTED,NOT_STARTED,PENDING_HANDOFF_REVIEW,Use VIS-00
DB-AUTH-002,Your skill. Your match.,Auth & onboarding,PHASE_1_MVP,NOT_STARTED,N/A,NOT_STARTED,NOT_STARTED,NOT_STARTED,PENDING_HANDOFF_REVIEW,Use VIS-00 | VIS-12
DB-AUTH-003,Every move counts.,Auth & onboarding,PHASE_1_MVP,NOT_STARTED,N/A,NOT_STARTED,NOT_STARTED,NOT_STARTED,PENDING_HANDOFF_REVIEW,Use VIS-00
DB-AUTH-004,Know where your money goes.,Auth & onboarding,PHASE_1_MVP,NOT_STARTED,N/A,NOT_STARTED,NOT_STARTED,NOT_STARTED,PENDING_HANDOFF_REVIEW,Use VIS-00
DB-AUTH-005,Welcome,Auth & onboarding,PHASE_1_MVP,NOT_STARTED,N/A,NOT_STARTED,NOT_STARTED,NOT_STARTED,PENDING_HANDOFF_REVIEW,Use VIS-00
DB-AUTH-006,Sign in,Auth & onboarding,PHASE_1_MVP,NOT_STARTED,MAP_REQUIRED,NOT_STARTED,NOT_STARTED,NOT_STARTED,PENDING_HANDOFF_REVIEW,Use VIS-00
DB-AUTH-007,Create account,Auth & onboarding,PHASE_1_MVP,NOT_STARTED,MAP_REQUIRED,NOT_STARTED,NOT_STARTED,NOT_STARTED,PENDING_HANDOFF_REVIEW,Use VIS-00
DB-AUTH-008,Age & legal eligibility,Auth & onboarding,PHASE_1_MVP,NOT_STARTED,MAP_REQUIRED,NOT_STARTED,NOT_STARTED,NOT_STARTED,PENDING_HANDOFF_REVIEW,Use VIS-01
DB-AUTH-009,Verify your contact,Auth & onboarding,PHASE_1_MVP,NOT_STARTED,MAP_REQUIRED,NOT_STARTED,NOT_STARTED,NOT_STARTED,PENDING_HANDOFF_REVIEW,Use VIS-00
DB-AUTH-010,Verification code,Auth & onboarding,PHASE_1_MVP,NOT_STARTED,MAP_REQUIRED,NOT_STARTED,NOT_STARTED,NOT_STARTED,PENDING_HANDOFF_REVIEW,Use VIS-01 | VIS-06
DB-AUTH-011,Forgot password,Auth & onboarding,PHASE_1_MVP,NOT_STARTED,MAP_REQUIRED,NOT_STARTED,NOT_STARTED,NOT_STARTED,PENDING_HANDOFF_REVIEW,Use VIS-01
DB-AUTH-012,Reset password,Auth & onboarding,PHASE_1_MVP,NOT_STARTED,MAP_REQUIRED,NOT_STARTED,NOT_STARTED,NOT_STARTED,PENDING_HANDOFF_REVIEW,Use VIS-01
DB-AUTH-013,Password reset,Auth & onboarding,PHASE_1_MVP,NOT_STARTED,MAP_REQUIRED,NOT_STARTED,NOT_STARTED,NOT_STARTED,PENDING_HANDOFF_REVIEW,Use VIS-01
DB-AUTH-014,Terms acceptance,Auth & onboarding,PHASE_1_MVP,NOT_STARTED,MAP_REQUIRED,NOT_STARTED,NOT_STARTED,NOT_STARTED,PENDING_HANDOFF_REVIEW,Use VIS-00
DB-AUTH-015,Restoring session,Auth & onboarding,PHASE_1_MVP,NOT_STARTED,MAP_REQUIRED,NOT_STARTED,NOT_STARTED,NOT_STARTED,PENDING_HANDOFF_REVIEW,Use VIS-00
DB-AUTH-016,Use biometric sign in,Auth & onboarding,PHASE_1_MVP,NOT_STARTED,MAP_REQUIRED,NOT_STARTED,NOT_STARTED,NOT_STARTED,PENDING_HANDOFF_REVIEW,Use VIS-00
DB-AUTH-017,Account created,Auth & onboarding,PHASE_1_MVP,NOT_STARTED,MAP_REQUIRED,NOT_STARTED,NOT_STARTED,NOT_STARTED,PENDING_HANDOFF_REVIEW,Use VIS-00
DB-MATCH-001,Home / Lobby,Home & matchmaking,PHASE_1_MVP,NOT_STARTED,MAP_REQUIRED,NOT_STARTED,NOT_STARTED,NOT_STARTED,PENDING_HANDOFF_REVIEW,Use VIS-00 | VIS-11
DB-MATCH-002,Home loading,Home & matchmaking,PHASE_1_MVP,NOT_STARTED,MAP_REQUIRED,NOT_STARTED,NOT_STARTED,NOT_STARTED,PENDING_HANDOFF_REVIEW,Use VIS-11
DB-MATCH-003,No recent matches,Home & matchmaking,PHASE_1_MVP,NOT_STARTED,MAP_REQUIRED,NOT_STARTED,NOT_STARTED,NOT_STARTED,PENDING_HANDOFF_REVIEW,Use VIS-00 | VIS-12
DB-MATCH-004,Open Arena,Home & matchmaking,PHASE_1_MVP,NOT_STARTED,MAP_REQUIRED,NOT_STARTED,NOT_STARTED,NOT_STARTED,PENDING_HANDOFF_REVIEW,Use VIS-01
DB-MATCH-005,Arena filters,Home & matchmaking,PHASE_1_MVP,NOT_STARTED,MAP_REQUIRED,NOT_STARTED,NOT_STARTED,NOT_STARTED,PENDING_HANDOFF_REVIEW,Use VIS-01
DB-MATCH-006,Open match details,Home & matchmaking,PHASE_1_MVP,NOT_STARTED,MAP_REQUIRED,NOT_STARTED,NOT_STARTED,NOT_STARTED,PENDING_HANDOFF_REVIEW,Use VIS-00 | VIS-02 | VIS-03 | VIS-12
DB-MATCH-007,Join match confirmation,Home & matchmaking,PHASE_1_MVP,NOT_STARTED,MAP_REQUIRED,NOT_STARTED,NOT_STARTED,NOT_STARTED,PENDING_HANDOFF_REVIEW,Use VIS-00 | VIS-02 | VIS-03 | VIS-12
DB-MATCH-008,Match unavailable,Home & matchmaking,PHASE_1_MVP,NOT_STARTED,MAP_REQUIRED,NOT_STARTED,NOT_STARTED,NOT_STARTED,PENDING_HANDOFF_REVIEW,Use VIS-00 | VIS-02 | VIS-03 | VIS-12
DB-MATCH-009,Quick match setup,Home & matchmaking,PHASE_1_MVP,NOT_STARTED,MAP_REQUIRED,NOT_STARTED,NOT_STARTED,NOT_STARTED,PENDING_HANDOFF_REVIEW,Use VIS-00 | VIS-01 | VIS-12
DB-MATCH-010,Searching for opponent,Home & matchmaking,PHASE_1_MVP,NOT_STARTED,MAP_REQUIRED,NOT_STARTED,NOT_STARTED,NOT_STARTED,PENDING_HANDOFF_REVIEW,Use VIS-01
DB-MATCH-011,No opponent found,Home & matchmaking,PHASE_1_MVP,NOT_STARTED,MAP_REQUIRED,NOT_STARTED,NOT_STARTED,NOT_STARTED,PENDING_HANDOFF_REVIEW,Use VIS-01
DB-MATCH-012,Incoming challenge,Home & matchmaking,PHASE_1_MVP,NOT_STARTED,MAP_REQUIRED,NOT_STARTED,NOT_STARTED,NOT_STARTED,PENDING_HANDOFF_REVIEW,Use VIS-01
DB-MATCH-013,Challenge sent,Home & matchmaking,PHASE_1_MVP,NOT_STARTED,MAP_REQUIRED,NOT_STARTED,NOT_STARTED,NOT_STARTED,PENDING_HANDOFF_REVIEW,Use VIS-01
DB-MATCH-014,Challenge declined,Home & matchmaking,PHASE_1_MVP,NOT_STARTED,MAP_REQUIRED,NOT_STARTED,NOT_STARTED,NOT_STARTED,PENDING_HANDOFF_REVIEW,Use VIS-01
DB-MATCH-015,Player search,Home & matchmaking,PHASE_1_MVP,NOT_STARTED,MAP_REQUIRED,NOT_STARTED,NOT_STARTED,NOT_STARTED,PENDING_HANDOFF_REVIEW,Use VIS-02 | VIS-03
DB-MATCH-016,Public player profile,Home & matchmaking,PHASE_1_MVP,NOT_STARTED,MAP_REQUIRED,NOT_STARTED,NOT_STARTED,NOT_STARTED,PENDING_HANDOFF_REVIEW,Use VIS-06
DB-MATCH-017,Create match,Home & matchmaking,PHASE_1_MVP,NOT_STARTED,MAP_REQUIRED,NOT_STARTED,NOT_STARTED,NOT_STARTED,PENDING_HANDOFF_REVIEW,Use VIS-00 | VIS-12
DB-MATCH-018,Create match quote,Home & matchmaking,PHASE_1_MVP,NOT_STARTED,MAP_REQUIRED,NOT_STARTED,NOT_STARTED,NOT_STARTED,PENDING_HANDOFF_REVIEW,Use VIS-00 | VIS-12
DB-MATCH-019,Private room code,Home & matchmaking,PHASE_1_MVP,NOT_STARTED,MAP_REQUIRED,NOT_STARTED,NOT_STARTED,NOT_STARTED,PENDING_HANDOFF_REVIEW,Use VIS-02 | VIS-11
DB-MATCH-020,Match confirmation,Home & matchmaking,PHASE_1_MVP,NOT_STARTED,MAP_REQUIRED,NOT_STARTED,NOT_STARTED,NOT_STARTED,PENDING_HANDOFF_REVIEW,Use VIS-00 | VIS-12
DB-MATCH-021,Insufficient balance,Home & matchmaking,PHASE_1_MVP,NOT_STARTED,MAP_REQUIRED,NOT_STARTED,NOT_STARTED,NOT_STARTED,PENDING_HANDOFF_REVIEW,Use VIS-02
DB-MATCH-022,Eligibility blocked,Home & matchmaking,PHASE_1_MVP,NOT_STARTED,MAP_REQUIRED,NOT_STARTED,NOT_STARTED,NOT_STARTED,PENDING_HANDOFF_REVIEW,Use VIS-02
DB-MATCH-023,Locking stake,Home & matchmaking,PHASE_1_MVP,NOT_STARTED,MAP_REQUIRED,NOT_STARTED,NOT_STARTED,NOT_STARTED,PENDING_HANDOFF_REVIEW,Use VIS-02 | VIS-03
DB-MATCH-024,Waiting for opponent stake,Home & matchmaking,PHASE_1_MVP,NOT_STARTED,MAP_REQUIRED,NOT_STARTED,NOT_STARTED,NOT_STARTED,PENDING_HANDOFF_REVIEW,Use VIS-02
DB-MATCH-025,Ready check,Home & matchmaking,PHASE_1_MVP,NOT_STARTED,MAP_REQUIRED,NOT_STARTED,NOT_STARTED,NOT_STARTED,PENDING_HANDOFF_REVIEW,Use VIS-02 | VIS-03
DB-MATCH-026,Waiting for opponent ready,Home & matchmaking,PHASE_1_MVP,NOT_STARTED,MAP_REQUIRED,NOT_STARTED,NOT_STARTED,NOT_STARTED,PENDING_HANDOFF_REVIEW,Use VIS-02
DB-MATCH-027,Ready timeout,Home & matchmaking,PHASE_1_MVP,NOT_STARTED,MAP_REQUIRED,NOT_STARTED,NOT_STARTED,NOT_STARTED,PENDING_HANDOFF_REVIEW,Use VIS-02 | VIS-03
DB-MATCH-028,Opponent disconnected,Home & matchmaking,PHASE_1_MVP,NOT_STARTED,MAP_REQUIRED,NOT_STARTED,NOT_STARTED,NOT_STARTED,PENDING_HANDOFF_REVIEW,Use VIS-04
DB-MATCH-029,Match found,Home & matchmaking,PHASE_1_MVP,NOT_STARTED,MAP_REQUIRED,NOT_STARTED,NOT_STARTED,NOT_STARTED,PENDING_HANDOFF_REVIEW,Use VIS-00 | VIS-12
DB-GAME-001,Match room,Live gameplay,PHASE_1_MVP,NOT_STARTED,MAP_REQUIRED,NOT_STARTED,NOT_STARTED,NOT_STARTED,PENDING_HANDOFF_REVIEW,Use VIS-00 | VIS-12
DB-GAME-002,Live match,Live gameplay,PHASE_1_MVP,NOT_STARTED,MAP_REQUIRED,NOT_STARTED,NOT_STARTED,NOT_STARTED,PENDING_HANDOFF_REVIEW,Use VIS-00 | VIS-12
DB-GAME-003,Move selection,Live gameplay,PHASE_1_MVP,NOT_STARTED,MAP_REQUIRED,NOT_STARTED,NOT_STARTED,NOT_STARTED,PENDING_HANDOFF_REVIEW,Use VIS-00
DB-GAME-004,Mandatory capture,Live gameplay,PHASE_1_MVP,NOT_STARTED,MAP_REQUIRED,NOT_STARTED,NOT_STARTED,NOT_STARTED,PENDING_HANDOFF_REVIEW,Use VIS-00 | VIS-06 | VIS-07
DB-GAME-005,Multi-capture,Live gameplay,PHASE_1_MVP,NOT_STARTED,MAP_REQUIRED,NOT_STARTED,NOT_STARTED,NOT_STARTED,PENDING_HANDOFF_REVIEW,Use VIS-00 | VIS-06 | VIS-07
DB-GAME-006,King promotion,Live gameplay,PHASE_1_MVP,NOT_STARTED,MAP_REQUIRED,NOT_STARTED,NOT_STARTED,NOT_STARTED,PENDING_HANDOFF_REVIEW,Use VIS-00
DB-GAME-007,Opponent thinking,Live gameplay,PHASE_1_MVP,NOT_STARTED,MAP_REQUIRED,NOT_STARTED,NOT_STARTED,NOT_STARTED,PENDING_HANDOFF_REVIEW,Use VIS-00
DB-GAME-008,Illegal move,Live gameplay,PHASE_1_MVP,NOT_STARTED,MAP_REQUIRED,NOT_STARTED,NOT_STARTED,NOT_STARTED,PENDING_HANDOFF_REVIEW,Use VIS-06
DB-GAME-009,Draw offer received,Live gameplay,PHASE_1_MVP,NOT_STARTED,MAP_REQUIRED,NOT_STARTED,NOT_STARTED,NOT_STARTED,PENDING_HANDOFF_REVIEW,Use VIS-06
DB-GAME-010,Offer a draw,Live gameplay,PHASE_1_MVP,NOT_STARTED,MAP_REQUIRED,NOT_STARTED,NOT_STARTED,NOT_STARTED,PENDING_HANDOFF_REVIEW,Use VIS-00 | VIS-06 | VIS-07
DB-GAME-011,Draw rejected,Live gameplay,PHASE_1_MVP,NOT_STARTED,MAP_REQUIRED,NOT_STARTED,NOT_STARTED,NOT_STARTED,PENDING_HANDOFF_REVIEW,Use VIS-00 | VIS-06 | VIS-07
DB-GAME-012,Resign match,Live gameplay,PHASE_1_MVP,NOT_STARTED,MAP_REQUIRED,NOT_STARTED,NOT_STARTED,NOT_STARTED,PENDING_HANDOFF_REVIEW,Use VIS-00 | VIS-07 | VIS-12
DB-GAME-013,Connection lost,Live gameplay,PHASE_1_MVP,NOT_STARTED,MAP_REQUIRED,NOT_STARTED,NOT_STARTED,NOT_STARTED,PENDING_HANDOFF_REVIEW,Use VIS-06
DB-GAME-014,Reconnecting,Live gameplay,PHASE_1_MVP,NOT_STARTED,MAP_REQUIRED,NOT_STARTED,NOT_STARTED,NOT_STARTED,PENDING_HANDOFF_REVIEW,Use VIS-00 | VIS-06 | VIS-07
DB-GAME-015,State resync,Live gameplay,PHASE_1_MVP,NOT_STARTED,MAP_REQUIRED,NOT_STARTED,NOT_STARTED,NOT_STARTED,PENDING_HANDOFF_REVIEW,Use VIS-06
DB-GAME-016,App resumed,Live gameplay,PHASE_1_MVP,NOT_STARTED,MAP_REQUIRED,NOT_STARTED,NOT_STARTED,NOT_STARTED,PENDING_HANDOFF_REVIEW,Use VIS-00 | VIS-06 | VIS-07
DB-GAME-017,Low time warning,Live gameplay,PHASE_1_MVP,NOT_STARTED,MAP_REQUIRED,NOT_STARTED,NOT_STARTED,NOT_STARTED,PENDING_HANDOFF_REVIEW,Use VIS-00 | VIS-06 | VIS-07
DB-GAME-018,Timeout imminent,Live gameplay,PHASE_1_MVP,NOT_STARTED,MAP_REQUIRED,NOT_STARTED,NOT_STARTED,NOT_STARTED,PENDING_HANDOFF_REVIEW,Use VIS-00 | VIS-06 | VIS-07
DB-GAME-019,Match chat,Live gameplay,PHASE_1_MVP,NOT_STARTED,MAP_REQUIRED,NOT_STARTED,NOT_STARTED,NOT_STARTED,PENDING_HANDOFF_REVIEW,Use VIS-00 | VIS-12
DB-GAME-020,Match menu,Live gameplay,PHASE_1_MVP,NOT_STARTED,MAP_REQUIRED,NOT_STARTED,NOT_STARTED,NOT_STARTED,PENDING_HANDOFF_REVIEW,Use VIS-00 | VIS-12
DB-RESULT-001,Victory,Results & settlement,PHASE_1_MVP,NOT_STARTED,MAP_REQUIRED,NOT_STARTED,NOT_STARTED,NOT_STARTED,PENDING_HANDOFF_REVIEW,Use VIS-00 | VIS-07
DB-RESULT-002,Defeat,Results & settlement,PHASE_1_MVP,NOT_STARTED,MAP_REQUIRED,NOT_STARTED,NOT_STARTED,NOT_STARTED,PENDING_HANDOFF_REVIEW,Use VIS-00
DB-RESULT-003,Draw result,Results & settlement,PHASE_1_MVP,NOT_STARTED,MAP_REQUIRED,NOT_STARTED,NOT_STARTED,NOT_STARTED,PENDING_HANDOFF_REVIEW,Use VIS-07
DB-RESULT-004,Timeout result,Results & settlement,PHASE_1_MVP,NOT_STARTED,MAP_REQUIRED,NOT_STARTED,NOT_STARTED,NOT_STARTED,PENDING_HANDOFF_REVIEW,Use VIS-07
DB-RESULT-005,Resignation result,Results & settlement,PHASE_1_MVP,NOT_STARTED,MAP_REQUIRED,NOT_STARTED,NOT_STARTED,NOT_STARTED,PENDING_HANDOFF_REVIEW,Use VIS-07
DB-RESULT-006,Disconnect forfeit,Results & settlement,PHASE_1_MVP,NOT_STARTED,MAP_REQUIRED,NOT_STARTED,NOT_STARTED,NOT_STARTED,PENDING_HANDOFF_REVIEW,Use VIS-07 | VIS-12
DB-RESULT-007,System-cancelled match,Results & settlement,PHASE_1_MVP,NOT_STARTED,MAP_REQUIRED,NOT_STARTED,NOT_STARTED,NOT_STARTED,PENDING_HANDOFF_REVIEW,Use VIS-00 | VIS-12
DB-RESULT-008,Settlement processing,Results & settlement,PHASE_1_MVP,NOT_STARTED,MAP_REQUIRED,NOT_STARTED,NOT_STARTED,NOT_STARTED,PENDING_HANDOFF_REVIEW,Use VIS-07
DB-RESULT-009,Settlement complete,Results & settlement,PHASE_1_MVP,NOT_STARTED,MAP_REQUIRED,NOT_STARTED,NOT_STARTED,NOT_STARTED,PENDING_HANDOFF_REVIEW,Use VIS-07
DB-RESULT-010,Settlement delayed,Results & settlement,PHASE_1_MVP,NOT_STARTED,MAP_REQUIRED,NOT_STARTED,NOT_STARTED,NOT_STARTED,PENDING_HANDOFF_REVIEW,Use VIS-07
DB-RESULT-011,Match receipt,Results & settlement,PHASE_1_MVP,NOT_STARTED,MAP_REQUIRED,NOT_STARTED,NOT_STARTED,NOT_STARTED,PENDING_HANDOFF_REVIEW,Use VIS-00 | VIS-12
DB-RESULT-012,Share result,Results & settlement,PHASE_1_MVP,NOT_STARTED,MAP_REQUIRED,NOT_STARTED,NOT_STARTED,NOT_STARTED,PENDING_HANDOFF_REVIEW,Use VIS-07 | VIS-12
DB-WALLET-001,Wallet,Wallet & deposits,PHASE_1_MVP,NOT_STARTED,MAP_REQUIRED,NOT_STARTED,NOT_STARTED,NOT_STARTED,PENDING_HANDOFF_REVIEW,Use VIS-04
DB-WALLET-002,Add money,Wallet & deposits,PHASE_1_MVP,NOT_STARTED,MAP_REQUIRED,NOT_STARTED,NOT_STARTED,NOT_STARTED,PENDING_HANDOFF_REVIEW,Use VIS-04
DB-WALLET-003,Payment method,Wallet & deposits,PHASE_1_MVP,NOT_STARTED,MAP_REQUIRED,NOT_STARTED,NOT_STARTED,NOT_STARTED,PENDING_HANDOFF_REVIEW,Use VIS-04
DB-WALLET-004,Hosted checkout,Wallet & deposits,PHASE_1_MVP,NOT_STARTED,MAP_REQUIRED,NOT_STARTED,NOT_STARTED,NOT_STARTED,PENDING_HANDOFF_REVIEW,Use VIS-04 | VIS-13
DB-WALLET-005,Deposit processing,Wallet & deposits,PHASE_1_MVP,NOT_STARTED,MAP_REQUIRED,NOT_STARTED,NOT_STARTED,NOT_STARTED,PENDING_HANDOFF_REVIEW,Use VIS-04
DB-WALLET-006,Deposit successful,Wallet & deposits,PHASE_1_MVP,NOT_STARTED,MAP_REQUIRED,NOT_STARTED,NOT_STARTED,NOT_STARTED,PENDING_HANDOFF_REVIEW,Use VIS-04 | VIS-08 | VIS-13
DB-WALLET-007,Deposit failed,Wallet & deposits,PHASE_1_MVP,NOT_STARTED,MAP_REQUIRED,NOT_STARTED,NOT_STARTED,NOT_STARTED,PENDING_HANDOFF_REVIEW,Use VIS-04
DB-WALLET-008,Deposit pending,Wallet & deposits,PHASE_1_MVP,NOT_STARTED,MAP_REQUIRED,NOT_STARTED,NOT_STARTED,NOT_STARTED,PENDING_HANDOFF_REVIEW,Use VIS-04
DB-WALLET-009,Transaction history,Wallet & deposits,PHASE_1_MVP,NOT_STARTED,MAP_REQUIRED,NOT_STARTED,NOT_STARTED,NOT_STARTED,PENDING_HANDOFF_REVIEW,Use VIS-04 | VIS-10
DB-WALLET-010,Transaction filters,Wallet & deposits,PHASE_1_MVP,NOT_STARTED,MAP_REQUIRED,NOT_STARTED,NOT_STARTED,NOT_STARTED,PENDING_HANDOFF_REVIEW,Use VIS-04
DB-WALLET-011,Deposit details,Wallet & deposits,PHASE_1_MVP,NOT_STARTED,MAP_REQUIRED,NOT_STARTED,NOT_STARTED,NOT_STARTED,PENDING_HANDOFF_REVIEW,Use VIS-04 | VIS-08 | VIS-13
DB-WALLET-012,Stake details,Wallet & deposits,PHASE_1_MVP,NOT_STARTED,MAP_REQUIRED,NOT_STARTED,NOT_STARTED,NOT_STARTED,PENDING_HANDOFF_REVIEW,Use VIS-04 | VIS-13
DB-WALLET-013,Payout details,Wallet & deposits,PHASE_1_MVP,NOT_STARTED,MAP_REQUIRED,NOT_STARTED,NOT_STARTED,NOT_STARTED,PENDING_HANDOFF_REVIEW,Use VIS-04 | VIS-13
DB-WALLET-014,Locked funds,Wallet & deposits,PHASE_1_MVP,NOT_STARTED,MAP_REQUIRED,NOT_STARTED,NOT_STARTED,NOT_STARTED,PENDING_HANDOFF_REVIEW,Use VIS-04
DB-WALLET-015,Wallet unavailable,Wallet & deposits,PHASE_1_MVP,NOT_STARTED,MAP_REQUIRED,NOT_STARTED,NOT_STARTED,NOT_STARTED,PENDING_HANDOFF_REVIEW,Use VIS-04
DB-WITHDRAW-001,Withdraw money,Withdrawals,PHASE_1_MVP,NOT_STARTED,MAP_REQUIRED,NOT_STARTED,NOT_STARTED,NOT_STARTED,PENDING_HANDOFF_REVIEW,Use VIS-04
DB-WITHDRAW-002,Select bank account,Withdrawals,PHASE_1_MVP,NOT_STARTED,MAP_REQUIRED,NOT_STARTED,NOT_STARTED,NOT_STARTED,PENDING_HANDOFF_REVIEW,Use VIS-04
DB-WITHDRAW-003,Add bank account,Withdrawals,PHASE_1_MVP,NOT_STARTED,MAP_REQUIRED,NOT_STARTED,NOT_STARTED,NOT_STARTED,PENDING_HANDOFF_REVIEW,Use VIS-05
DB-WITHDRAW-004,Verifying bank account,Withdrawals,PHASE_1_MVP,NOT_STARTED,MAP_REQUIRED,NOT_STARTED,NOT_STARTED,NOT_STARTED,PENDING_HANDOFF_REVIEW,Use VIS-05 | VIS-14
DB-WITHDRAW-005,Withdrawal review,Withdrawals,PHASE_1_MVP,NOT_STARTED,MAP_REQUIRED,NOT_STARTED,NOT_STARTED,NOT_STARTED,PENDING_HANDOFF_REVIEW,Use VIS-05
DB-WITHDRAW-006,Verification required,Withdrawals,PHASE_1_MVP,NOT_STARTED,MAP_REQUIRED,NOT_STARTED,NOT_STARTED,NOT_STARTED,PENDING_HANDOFF_REVIEW,Use VIS-05 | VIS-06
DB-WITHDRAW-007,Withdrawal pending review,Withdrawals,PHASE_1_MVP,NOT_STARTED,MAP_REQUIRED,NOT_STARTED,NOT_STARTED,NOT_STARTED,PENDING_HANDOFF_REVIEW,Use VIS-05 | VIS-14
DB-WITHDRAW-008,Withdrawal processing,Withdrawals,PHASE_1_MVP,NOT_STARTED,MAP_REQUIRED,NOT_STARTED,NOT_STARTED,NOT_STARTED,PENDING_HANDOFF_REVIEW,Use VIS-05
DB-WITHDRAW-009,Withdrawal successful,Withdrawals,PHASE_1_MVP,NOT_STARTED,MAP_REQUIRED,NOT_STARTED,NOT_STARTED,NOT_STARTED,PENDING_HANDOFF_REVIEW,Use VIS-05 | VIS-13
DB-WITHDRAW-010,Withdrawal reversed,Withdrawals,PHASE_1_MVP,NOT_STARTED,MAP_REQUIRED,NOT_STARTED,NOT_STARTED,NOT_STARTED,PENDING_HANDOFF_REVIEW,Use VIS-05 | VIS-14
DB-WITHDRAW-011,Withdrawal limit reached,Withdrawals,PHASE_1_MVP,NOT_STARTED,MAP_REQUIRED,NOT_STARTED,NOT_STARTED,NOT_STARTED,PENDING_HANDOFF_REVIEW,Use VIS-05
DB-KYC-001,Verify your identity,KYC & compliance,PHASE_1_MVP,NOT_STARTED,MAP_REQUIRED,NOT_STARTED,NOT_STARTED,NOT_STARTED,PENDING_HANDOFF_REVIEW,Use VIS-05
DB-KYC-002,Personal details,KYC & compliance,PHASE_1_MVP,NOT_STARTED,MAP_REQUIRED,NOT_STARTED,NOT_STARTED,NOT_STARTED,PENDING_HANDOFF_REVIEW,Use VIS-05
DB-KYC-003,Select ID type,KYC & compliance,PHASE_1_MVP,NOT_STARTED,MAP_REQUIRED,NOT_STARTED,NOT_STARTED,NOT_STARTED,PENDING_HANDOFF_REVIEW,Use VIS-05
DB-KYC-004,Capture ID front,KYC & compliance,PHASE_1_MVP,NOT_STARTED,MAP_REQUIRED,NOT_STARTED,NOT_STARTED,NOT_STARTED,PENDING_HANDOFF_REVIEW,Use VIS-05 | VIS-06
DB-KYC-005,Capture ID back,KYC & compliance,PHASE_1_MVP,NOT_STARTED,MAP_REQUIRED,NOT_STARTED,NOT_STARTED,NOT_STARTED,PENDING_HANDOFF_REVIEW,Use VIS-05 | VIS-06
DB-KYC-006,Selfie check,KYC & compliance,PHASE_1_MVP,NOT_STARTED,MAP_REQUIRED,NOT_STARTED,NOT_STARTED,NOT_STARTED,PENDING_HANDOFF_REVIEW,Use VIS-05
DB-KYC-007,Verification processing,KYC & compliance,PHASE_1_MVP,NOT_STARTED,MAP_REQUIRED,NOT_STARTED,NOT_STARTED,NOT_STARTED,PENDING_HANDOFF_REVIEW,Use VIS-06
DB-KYC-008,Identity verified,KYC & compliance,PHASE_1_MVP,NOT_STARTED,MAP_REQUIRED,NOT_STARTED,NOT_STARTED,NOT_STARTED,PENDING_HANDOFF_REVIEW,Use VIS-05 | VIS-06
DB-KYC-009,Verification rejected,KYC & compliance,PHASE_1_MVP,NOT_STARTED,MAP_REQUIRED,NOT_STARTED,NOT_STARTED,NOT_STARTED,PENDING_HANDOFF_REVIEW,Use VIS-06
DB-KYC-010,Verification expired,KYC & compliance,PHASE_1_MVP,NOT_STARTED,MAP_REQUIRED,NOT_STARTED,NOT_STARTED,NOT_STARTED,PENDING_HANDOFF_REVIEW,Use VIS-06
DB-ACCOUNT-001,Match history,"History, account & disputes",PHASE_1_MVP,NOT_STARTED,MAP_REQUIRED,NOT_STARTED,NOT_STARTED,NOT_STARTED,PENDING_HANDOFF_REVIEW,Use VIS-00 | VIS-10 | VIS-12
DB-ACCOUNT-002,No match history,"History, account & disputes",PHASE_1_MVP,NOT_STARTED,MAP_REQUIRED,NOT_STARTED,NOT_STARTED,NOT_STARTED,PENDING_HANDOFF_REVIEW,Use VIS-00 | VIS-12
DB-ACCOUNT-003,Match details,"History, account & disputes",PHASE_1_MVP,NOT_STARTED,MAP_REQUIRED,NOT_STARTED,NOT_STARTED,NOT_STARTED,PENDING_HANDOFF_REVIEW,Use VIS-00 | VIS-12
DB-ACCOUNT-004,Move history,"History, account & disputes",PHASE_1_MVP,NOT_STARTED,MAP_REQUIRED,NOT_STARTED,NOT_STARTED,NOT_STARTED,PENDING_HANDOFF_REVIEW,Use VIS-12
DB-ACCOUNT-005,Report match,"History, account & disputes",PHASE_1_MVP,NOT_STARTED,MAP_REQUIRED,NOT_STARTED,NOT_STARTED,NOT_STARTED,PENDING_HANDOFF_REVIEW,Use VIS-00 | VIS-12
DB-ACCOUNT-006,Dispute reason,"History, account & disputes",PHASE_1_MVP,NOT_STARTED,MAP_REQUIRED,NOT_STARTED,NOT_STARTED,NOT_STARTED,PENDING_HANDOFF_REVIEW,Use VIS-12
DB-ACCOUNT-007,Add evidence,"History, account & disputes",PHASE_1_MVP,NOT_STARTED,MAP_REQUIRED,NOT_STARTED,NOT_STARTED,NOT_STARTED,PENDING_HANDOFF_REVIEW,Use VIS-12 | VIS-08
DB-ACCOUNT-008,Dispute submitted,"History, account & disputes",PHASE_1_MVP,NOT_STARTED,MAP_REQUIRED,NOT_STARTED,NOT_STARTED,NOT_STARTED,PENDING_HANDOFF_REVIEW,Use VIS-12
DB-ACCOUNT-009,Dispute status,"History, account & disputes",PHASE_1_MVP,NOT_STARTED,MAP_REQUIRED,NOT_STARTED,NOT_STARTED,NOT_STARTED,PENDING_HANDOFF_REVIEW,Use VIS-12
DB-ACCOUNT-010,Notifications,"History, account & disputes",PHASE_1_MVP,NOT_STARTED,MAP_REQUIRED,NOT_STARTED,NOT_STARTED,NOT_STARTED,PENDING_HANDOFF_REVIEW,Use VIS-10 | VIS-11 | VIS-12
DB-ACCOUNT-011,No notifications,"History, account & disputes",PHASE_1_MVP,NOT_STARTED,MAP_REQUIRED,NOT_STARTED,NOT_STARTED,NOT_STARTED,PENDING_HANDOFF_REVIEW,Use VIS-11 | VIS-12
DB-ACCOUNT-012,Notification details,"History, account & disputes",PHASE_1_MVP,NOT_STARTED,MAP_REQUIRED,NOT_STARTED,NOT_STARTED,NOT_STARTED,PENDING_HANDOFF_REVIEW,Use VIS-08 | VIS-09 | VIS-10 | VIS-11 | VIS-12
DB-ACCOUNT-013,Profile,"History, account & disputes",PHASE_1_MVP,NOT_STARTED,MAP_REQUIRED,NOT_STARTED,NOT_STARTED,NOT_STARTED,PENDING_HANDOFF_REVIEW,Use VIS-02 | VIS-03 | VIS-06
DB-ACCOUNT-014,Player statistics,"History, account & disputes",PHASE_1_MVP,NOT_STARTED,MAP_REQUIRED,NOT_STARTED,NOT_STARTED,NOT_STARTED,PENDING_HANDOFF_REVIEW,Use VIS-06
DB-ACCOUNT-015,Edit profile,"History, account & disputes",PHASE_1_MVP,NOT_STARTED,MAP_REQUIRED,NOT_STARTED,NOT_STARTED,NOT_STARTED,PENDING_HANDOFF_REVIEW,Use VIS-06
DB-ACCOUNT-016,Settings,"History, account & disputes",PHASE_1_MVP,NOT_STARTED,MAP_REQUIRED,NOT_STARTED,NOT_STARTED,NOT_STARTED,PENDING_HANDOFF_REVIEW,Use VIS-08
DB-ACCOUNT-017,Security & devices,"History, account & disputes",PHASE_1_MVP,NOT_STARTED,MAP_REQUIRED,NOT_STARTED,NOT_STARTED,NOT_STARTED,PENDING_HANDOFF_REVIEW,Use VIS-08
DB-ACCOUNT-018,Change password,"History, account & disputes",PHASE_1_MVP,NOT_STARTED,MAP_REQUIRED,NOT_STARTED,NOT_STARTED,NOT_STARTED,PENDING_HANDOFF_REVIEW,Use VIS-08
DB-ACCOUNT-019,Notification preferences,"History, account & disputes",PHASE_1_MVP,NOT_STARTED,MAP_REQUIRED,NOT_STARTED,NOT_STARTED,NOT_STARTED,PENDING_HANDOFF_REVIEW,Use VIS-08
DB-ACCOUNT-020,Saved bank accounts,"History, account & disputes",PHASE_1_MVP,NOT_STARTED,MAP_REQUIRED,NOT_STARTED,NOT_STARTED,NOT_STARTED,PENDING_HANDOFF_REVIEW,Use VIS-12 | VIS-08
DB-SYSTEM-001,Safer play,"Safer play, support & system",PHASE_1_MVP,NOT_STARTED,MAP_REQUIRED,NOT_STARTED,NOT_STARTED,NOT_STARTED,PENDING_HANDOFF_REVIEW,Use VIS-08 | VIS-12
DB-SYSTEM-002,Deposit limits,"Safer play, support & system",PHASE_1_MVP,NOT_STARTED,MAP_REQUIRED,NOT_STARTED,NOT_STARTED,NOT_STARTED,PENDING_HANDOFF_REVIEW,Use VIS-04 | VIS-08 | VIS-12
DB-SYSTEM-003,Stake limits,"Safer play, support & system",PHASE_1_MVP,NOT_STARTED,MAP_REQUIRED,NOT_STARTED,NOT_STARTED,NOT_STARTED,PENDING_HANDOFF_REVIEW,Use VIS-08 | VIS-12
DB-SYSTEM-004,Take a break,"Safer play, support & system",PHASE_1_MVP,NOT_STARTED,MAP_REQUIRED,NOT_STARTED,NOT_STARTED,NOT_STARTED,PENDING_HANDOFF_REVIEW,Use VIS-08
DB-SYSTEM-005,Self-exclusion,"Safer play, support & system",PHASE_1_MVP,NOT_STARTED,MAP_REQUIRED,NOT_STARTED,NOT_STARTED,NOT_STARTED,PENDING_HANDOFF_REVIEW,Use VIS-08
DB-SYSTEM-006,Limit confirmed,"Safer play, support & system",PHASE_1_MVP,NOT_STARTED,MAP_REQUIRED,NOT_STARTED,NOT_STARTED,NOT_STARTED,PENDING_HANDOFF_REVIEW,Use VIS-14
DB-SYSTEM-007,Help centre,"Safer play, support & system",PHASE_1_MVP,NOT_STARTED,MAP_REQUIRED,NOT_STARTED,NOT_STARTED,NOT_STARTED,PENDING_HANDOFF_REVIEW,Use VIS-08 | VIS-09 | VIS-10
DB-SYSTEM-008,Support category,"Safer play, support & system",PHASE_1_MVP,NOT_STARTED,MAP_REQUIRED,NOT_STARTED,NOT_STARTED,NOT_STARTED,PENDING_HANDOFF_REVIEW,Use VIS-08 | VIS-09 | VIS-10
DB-SYSTEM-009,Create support ticket,"Safer play, support & system",PHASE_1_MVP,NOT_STARTED,MAP_REQUIRED,NOT_STARTED,NOT_STARTED,NOT_STARTED,PENDING_HANDOFF_REVIEW,Use VIS-08 | VIS-09 | VIS-10
DB-SYSTEM-010,Ticket submitted,"Safer play, support & system",PHASE_1_MVP,NOT_STARTED,MAP_REQUIRED,NOT_STARTED,NOT_STARTED,NOT_STARTED,PENDING_HANDOFF_REVIEW,Use VIS-08 | VIS-09 | VIS-10
DB-SYSTEM-011,Terms & conditions,"Safer play, support & system",PHASE_1_OPERATIONAL,NOT_STARTED,MAP_REQUIRED,NOT_STARTED,NOT_STARTED,NOT_STARTED,PENDING_HANDOFF_REVIEW,Use VIS-09
DB-SYSTEM-012,Privacy notice,"Safer play, support & system",PHASE_1_OPERATIONAL,NOT_STARTED,MAP_REQUIRED,NOT_STARTED,NOT_STARTED,NOT_STARTED,PENDING_HANDOFF_REVIEW,Use VIS-08 | VIS-09 | VIS-10
DB-SYSTEM-013,Responsible gaming,"Safer play, support & system",PHASE_1_OPERATIONAL,NOT_STARTED,MAP_REQUIRED,NOT_STARTED,NOT_STARTED,NOT_STARTED,PENDING_HANDOFF_REVIEW,Use VIS-08 | VIS-09 | VIS-10
DB-SYSTEM-014,About Draught Bet,"Safer play, support & system",PHASE_1_OPERATIONAL,NOT_STARTED,MAP_REQUIRED,NOT_STARTED,NOT_STARTED,NOT_STARTED,PENDING_HANDOFF_REVIEW,Use VIS-08 | VIS-09 | VIS-10
DB-SYSTEM-015,Session expired,"Safer play, support & system",PHASE_1_OPERATIONAL,NOT_STARTED,MAP_REQUIRED,NOT_STARTED,NOT_STARTED,NOT_STARTED,PENDING_HANDOFF_REVIEW,Use VIS-09
DB-SYSTEM-016,Account restricted,"Safer play, support & system",PHASE_1_OPERATIONAL,NOT_STARTED,MAP_REQUIRED,NOT_STARTED,NOT_STARTED,NOT_STARTED,PENDING_HANDOFF_REVIEW,Use VIS-09
DB-SYSTEM-017,Scheduled maintenance,"Safer play, support & system",PHASE_1_OPERATIONAL,NOT_STARTED,MAP_REQUIRED,NOT_STARTED,NOT_STARTED,NOT_STARTED,PENDING_HANDOFF_REVIEW,Use VIS-09
DB-SYSTEM-018,No internet,"Safer play, support & system",PHASE_1_OPERATIONAL,NOT_STARTED,MAP_REQUIRED,NOT_STARTED,NOT_STARTED,NOT_STARTED,PENDING_HANDOFF_REVIEW,Use VIS-09
DB-SYSTEM-019,Update required,"Safer play, support & system",PHASE_1_OPERATIONAL,NOT_STARTED,MAP_REQUIRED,NOT_STARTED,NOT_STARTED,NOT_STARTED,PENDING_HANDOFF_REVIEW,Use VIS-09
DB-SYSTEM-020,Something went wrong,"Safer play, support & system",PHASE_1_OPERATIONAL,NOT_STARTED,MAP_REQUIRED,NOT_STARTED,NOT_STARTED,NOT_STARTED,PENDING_HANDOFF_REVIEW,Use VIS-08 | VIS-09 | VIS-10
DB-SYSTEM-021,Camera permission,"Safer play, support & system",PHASE_1_OPERATIONAL,NOT_STARTED,MAP_REQUIRED,NOT_STARTED,NOT_STARTED,NOT_STARTED,PENDING_HANDOFF_REVIEW,Use VIS-09
DB-SYSTEM-022,Notification permission,"Safer play, support & system",PHASE_1_OPERATIONAL,NOT_STARTED,MAP_REQUIRED,NOT_STARTED,NOT_STARTED,NOT_STARTED,PENDING_HANDOFF_REVIEW,Use VIS-09
DB-SYSTEM-023,Sign out,"Safer play, support & system",PHASE_1_OPERATIONAL,NOT_STARTED,MAP_REQUIRED,NOT_STARTED,NOT_STARTED,NOT_STARTED,PENDING_HANDOFF_REVIEW,Use VIS-08 | VIS-09 | VIS-10
DB-SYSTEM-024,Delete account,"Safer play, support & system",PHASE_1_OPERATIONAL,NOT_STARTED,MAP_REQUIRED,NOT_STARTED,NOT_STARTED,NOT_STARTED,PENDING_HANDOFF_REVIEW,Use VIS-09
DB-SYSTEM-025,Verify account deletion,"Safer play, support & system",PHASE_1_OPERATIONAL,NOT_STARTED,MAP_REQUIRED,NOT_STARTED,NOT_STARTED,NOT_STARTED,PENDING_HANDOFF_REVIEW,Use VIS-01
DB-SYSTEM-026,Deletion scheduled,"Safer play, support & system",PHASE_1_OPERATIONAL,NOT_STARTED,MAP_REQUIRED,NOT_STARTED,NOT_STARTED,NOT_STARTED,PENDING_HANDOFF_REVIEW,Use VIS-08 | VIS-09 | VIS-10
